objectid,arastirmaci,eser_adi,muellif_adi,muellif_meslegi,muellif_olum,muellif_aile,muellif_memleketi,padisah_donemi,telif_tarih,eser_dili,eser_alt_turu,yazin_turu,baglanti_turu,baglantili_eser_adi,baglantili_eser_yazari,baglantili_eser_dili,baglantili_eser_tarihi,cilt_sayisi,takdim_hediye,tarihsel_kapsam,tematik_kapsam,kaynak,ilave_notlar,sayfa_no
cografya_0001,,Şevku'l-Ceyş,,,,,,Sultan Birinci Selîm devri,900 (1495)'den sonra,,askerî coğrafya,telif,,,,,,,,,Sultan Birinci Selîm Hazretlerinin muzafferâne bir surette icra ettiği harekâtı coğrafyasız olamaz; bu harekâta dair yazılmış olan eserdir. Elimize geçen coğrafî eserlerin en eski ve hatta mühimlileri 900 (1495) tarihinden sonra yazılmıştır.,"Bursalı Mehmed Tâhir, Osmanlı Müellifleri Eserinin 3. cild, Coğrafyacılar Faslı (giriş bölümü, Necib Asım Bey'in makalesinden naklen)","Bu fasıl, yazarın dipnotunda belirttiği üzere askeriyyeden yetişen âlimlerden Necib Asım Bey Efendi'nin neşrettiği makalelerden aynen nakledilmiş, bazı maddeleri yazar tarafından yapılan ilavelerle açıklanmıştır.",309
cografya_0002,,İ'lâmü'l-İbad fî Ahbari'l-Bilâd,Mustafa ibn-i Ali «Muvakkit»,Sultan Selîm Camii muvakkiti,,,,Kanunî Sultan Süleyman devri,931 (1525),,"coğrafya, beldeler",telif,,,,,,,,,Büyük Hilâfet merkezine (İstanbul'a) yüz beldenin kaçar mil mesafede bulunduklarını bildiriyor.,"Bursalı Mehmed Tâhir, Osmanlı Müellifleri Eserinin 3. cild, Coğrafyacılar Faslı (giriş bölümü)","Bu zat, hal tercemesi ve eserleri Riyaziyeciler Faslında işlenmiş olan aynı kişidir (bkz. riyaziye_0208).",310
cografya_0003,,Evzâhu'l-Mesâlik ilâ Ma'rifeti'l-Büldan,Sipâhî-Zâde Mehmed ibn-i Ali,Coğrafyacı,,,,,980 (1573),,"coğrafya, beldeler",telif,,,,,,,,,,"Bursalı Mehmed Tâhir, Osmanlı Müellifleri Eserinin 3. cild, Coğrafyacılar Faslı (giriş bölümü)",Tarihçiler Faslında zikredilmiştir.,310
cografya_0004,,Cerîdetü'l-Cedîd,Mehmed Efendi,Coğrafyacı,,,,,986 (1578),,mufassal coğrafya,telif,,,,,,,,,588 sayfadan ibaret mufassal bir coğrafya kitabıdır.,"Bursalı Mehmed Tâhir, Osmanlı Müellifleri Eserinin 3. cild, Coğrafyacılar Faslı (giriş bölümü)",Bu eserden sonra Osmanlılar eski dünyadan başka Amerika'ya dair de mükemmel bilgiler elde etmeğe muvaffak olmuşlardır.,310
cografya_0005,,Kitab-ı İklîm-i Cedîd ki Ba'de ez Nüh-Sad Sal Şûd Bedîd,,,,,,,,,Amerika coğrafyası,telif,,,,,,,,,Amerika hakkında Osmanlıca bir eser olup bir çok malûmatı toplayan incelenmeğe değer güzide bir te'lifdir.,"Bursalı Mehmed Tâhir, Osmanlı Müellifleri Eserinin 3. cild, Coğrafyacılar Faslı (giriş bölümü)",Umumî Kütübhanede emsali görülmemiş bir nüshası bulunan eserdir. Müellifi belirtilmemiştir.,310
cografya_0006,,Terceme-i Tarih-i Hind-i Garbî,Emîr Mehmed ibn-i Emîr Hasan el-Ûdî,Mütercim,,,,Sultan Üçüncü Murad devri,991 (1583),,Amerika tarihi/coğrafyası,telif/tercüme,,,,,,,Sultan Üçüncü Murad'a,,"Amerika'nın keşfi üzerinden 90 yıl geçmeden vücuda getirilen, Amerika hakkında elde edilen bilgilerin hepsini toplayan büyük, resimli, süslü (müzehheb) bir eserdir.","Bursalı Mehmed Tâhir, Osmanlı Müellifleri Eserinin 3. cild, Coğrafyacılar Faslı (giriş bölümü)",,310
cografya_0007,,,Mehmed ibn-i Ömer «Âşık»,"Coğrafyacı, «Âşık» lâkabı ile şöhret bulmuştur",,,,,1005 (1596),,coğrafya,telif,,,,,,,,,,"Bursalı Mehmed Tâhir, Osmanlı Müellifleri Eserinin 3. cild, Coğrafyacılar Faslı (giriş bölümü)","Eser adı metinde belirtilmemiş, sadece 1005 (1596) tarihinde bir coğrafya vücuda getirdiği zikredilmiştir. Tarihçiler Faslında zikredildiği dipnotta belirtilmiştir.",310
cografya_0008,,Cihan-nümâ,Kâtib Çelebi «el-Hac Mustafa Efendi»,"Coğrafî eserlerimizin en mühimi yazarı, meşhur Osmanlı yazarı",,,,,1058 (1648); 1125 (1713)'de basılmıştır,,"umumî coğrafya, harita",telif,,,,,,,,,"İlk Osmanlı matbaacısı İbrahim Müteferrika tarafından basılan 698 büyük sayfadan ibaret, hayli harita ve şekli toplayan emsalsiz eserdir. Lâtince'den (Atlas Mineure - Atlas minör) adı ile (Cihan-nümâ) cesametinde pek çok coğrafî bilgileri ve haritaları ihtiva eden bir eser de terceme etmiştir.","Bursalı Mehmed Tâhir, Osmanlı Müellifleri Eserinin 3. cild, Coğrafyacılar Faslı (giriş bölümü)",Tarihçiler Faslında tafsilatı vardır. Bir nüshası Umumî Kütübhanede mevcuttur. Matbaacılığın bizde kuruluşundan evvel vücuda getirilen coğrafî eserlerimiz harita ve şekilli olduğu gibi ilk defa açılan matbaanın birinci defa bastığı (Cihan-nümâ)'yı da haritaları ile birlikte basmağa muvaffakiyet gösterişi Osmanlıların cidden maârife olan kabiliyetlerini isbat eden şükre lâyık maddelerdendir.,313
cografya_0009,,Tuhfetü'l-Kibar fî Esfari'l-Bihar,Kâtib Çelebi «el-Hac Mustafa Efendi»,Meşhur Osmanlı yazarı,,,,,,,"denizcilik, donanma tarihi",telif/tercüme,,,,,,,,,Denizciliğe ve donanmaya ve Osmanlı memleketlerinin denizlerine dair terceme ettiği gibi bir eserdir.,"Bursalı Mehmed Tâhir, Osmanlı Müellifleri Eserinin 3. cild, Coğrafyacılar Faslı (giriş bölümü)",,311
cografya_0010,,Terceme-i Coğrafya-i Kebîr,Ebu Bekir ibn-i Behram-ı Dimeşkî,"Mütercim; Köprülüzâde Fazıl Ahmed Paşa'nın takdir ve teveccühlerine mazhar olarak ilmiye mertebelerinden kat'etmiş, bir ara Haleb Kadılığında bulunmuştur",1102 (1691)'de vefat etmiştir,,Şam'da tahsilini ikmal etmiştir,,1086 (1675),,"umumî coğrafya, çok ciltli",tercüme,tercüme,,,Lâtince,,"beş cild (1. cild 554, 2. cild 559, 3. cild 231, 4. cild 67, 5. cild 269 yaprak)",,,Bir zâtın Lâtince'den naklettiği eserdir; Coğrafyaya ait eserlerimizin büyüklerinden biridir.,"Bursalı Mehmed Tâhir, Osmanlı Müellifleri Eserinin 3. cild, Coğrafyacılar Faslı (giriş bölümü)",Coğrafyasının bir nüshası Köprülü ve Hekimoğlu Kütübhanelerinde vardır. Bu zatın yine coğrafyadan (Nusratü'l-İslâm ve's-Sürûr fî Tahrîr-i Atlas-ı Mayor) adı ile bir te'lifi daha vardır; bu tercemenin bir nüshası Nuruosmaniye Kütübhanesindedir. Sultan Mehmed İbn-i İbrahim'in emri ile altı cild üzerine terceme ederek sonradan iki cild üzerine telhîs etmiştir. (El-Fethu'r-Rahmânî Fî Tarz-ı Devleti'l-Osmanî) isminde tarihe ait bir eseri daha vardır.,311
cografya_0011,,Kitab-ı Bahriyye «Eşkâl-i Cezâir-i Bahr-ı Sefîd»,Pîrî Reis «Ahmed İbn-i Ali el-Hac Mehmed el-Karamanî Lârendevî»,Osmanlı denizcisi; Kanunî Sultan Süleyman devrinde şöhret kazanan Osmanlı kaptanlarından olup meşhur KemalReis'in kardeşinin oğludur,Basra Valisi Febat Paşa'nın gammazlığı ile 962 (1555)'de Mısır'da idam edilmiştir,Meşhur KemalReis'in kardeşinin oğludur,,Kanunî Sultan Süleyman devri,933 (1526),,"denizcilik atlası, kıyı haritaları",telif,,,,,,"iki cild (biri küçük, diğeri büyük)",,,Kanunî'nin emrine uyarak 933 (1526)'da atlas ile beraber «te'lîf ettiği denizcilik coğrafyasının birinci kısmında Akdeniz ve Adalar Denizi'nin bütün sahillerini ve adalarının bütün liman ve iskelelerini ve ikinci kısmında Adriyatik Denizi ile Akdeniz'in tabiat şartlarını ve hava durumunu gayet müdekkikane bir surette tasvîr etmiştir. Gemiciliğe taallûk eden bazı manzumeleri de vardır.,"Bursalı Mehmed Tâhir, Osmanlı Müellifleri Eserinin 3. cild, Coğrafyacılar Faslı (giriş bölümü)",Coğrafyaya dâir Osmanlı eserlerinin en mühimlerinden olup Nuruosmaniye Kütübhanesinde bulunan nüshasına insan bakmakla doyamaz. Eserin İstanbul'da Nuruosmaniye ve Köprülü Kütübhanelerinde mevcut olan nüshası sahibinin bu sahadaki ma'lûmatına şahid olup o devirde Osmanlıların gemicilik ve coğrafyadaki mükemmel bilgileri ve üstün dikkatlerinin derecesini gösteriyor. Müellif hattı ile 932 (1525) tarihinde yazılmış nüshası birkaç sene evvel Fransa Müzesi tarafından satın alındığı vesikalı olarak rivayet edilmiştir. Bu nüsha parşömen-tirşe kâğıt üzerine muharrer olup İstanbul'da bir zatta mevcut iken ihtiyaç sebebiyle satılmıştır.,312
cografya_0012,,Vikaye,Pîrî Reis «Ahmed İbn-i Ali»,Osmanlı denizcisi,962 (1555)'de idam edilmiştir,,,Yavuz Sultan Selim devri,,,fıkıh tercümesi,tercüme,tercüme,,,,,,Yavuz Sultan Selîm'e,,Hind ve Çin denizlerinin coğrafî durumuna dair yazdığı haritalı eserini Mısır'da Yavuz Sultan Selîm'e takdim ederek mükâfata mazhar olmuştur. Fıkıh ilmine de intisabı olup (Vikaye)'yi terceme etmiştir.,"Bursalı Mehmed Tâhir, Osmanlı Müellifleri Eserinin 3. cild, Coğrafyacılar Faslı (giriş bölümü)","Bu makbul eserin bir nüshası Mekteb-i Bahriyye-i Şahane Kütübhanesi ile Berlin, Vatikan, Polonya ve Drest Kütübhanelerinde mevcut olduğu (Esfar-ı Bahriye-i Osmaniye)'de yazılıdır. (Kitab-ı Bahriye) biri küçük diğeri büyük olmak üzere iki cildden ibaret olduğu, büyüğünde yardım ilmine dair bir kaç yüz beyit bulunduğu (Cihan-nümâ)'da yazılıdır.",312
cografya_0013,,Şarkiyye Müdüriyeti Atlası,Yakovaki,Sefarethanesi maslahatgüzârı; mütercim,,,,,1219 (1804),,atlas,tercüme,,,,,,,,,55 levhadan ibarettir.,"Bursalı Mehmed Tâhir, Osmanlı Müellifleri Eserinin 3. cild, Coğrafyacılar Faslı (giriş bölümü)",1273 (1857)'de basılan Atlaslı (Coğrafya-i en-Nûrî)'yi de ilave etmelidir.,313
cografya_0014,,Coğrafya-i en-Nûrî,,,,,,,1273 (1857),,atlaslı coğrafya,telif,,,,,,,,,,"Bursalı Mehmed Tâhir, Osmanlı Müellifleri Eserinin 3. cild, Coğrafyacılar Faslı (giriş bölümü)",Müellifi metinde belirtilmemiştir.,313
cografya_0015,,Cedit Atlas Tercemesi,Mahmud Raif Efendi (Vasıf Ahmed ve Yakovaki ile birlikte),"Mütercim, Müverrih Vasıf Ahmed ile birlikte çalışmıştır",,,,,1218 (1803),İngilizceden tercüme,atlas,tercüme,tercüme,,,İngilizce,,,,,"İngilizce yazdığı mükemmel coğrafyası ile 26 parçadan mürekkep atlas, Müverrih Vasıf Ahmed ve Mütercim Yakovaki tarafından 79 büyük sayfadan mürekkep (Cedit Atlas Tercemesi) adı ile terceme edilmiş ve 1218 (1803)'de Üsküdar'da Tabhane-i Âmire'de basılmıştır.","Bursalı Mehmed Tâhir, Osmanlı Müellifleri Eserinin 3. cild, Coğrafyacılar Faslı (giriş bölümü)","Bir nüshası Siroz (Serez) Kütübhanesinde müellif tarafından mütalea edilmiştir. Sefarethanesi maslahatgüzârı olan Yakovaki kâtib, tanbur çalmakta da mahir, müsiki-şinas idi.",313
cografya_0016,,Coğrafya-i Umranî,Hikmet Bey «Ahmed Hikmet Bey»,"İlmî çalışmaları ile bilinen kalem erbabından bir zat; coğrafyaya vâkıf, musıki-şinas, kâtib, tanbur çalmakta da mâhir",1338 (1922) tarihinde irtihal ederek babasının yanına defnedildi,Hal tercemesi Riyaziyeciler Faslında geçen Gelenbevî damadı Şükrü Efendi'nin oğludur,,,,,ümran coğrafyası,telif,,,,,,,,,,"Bursalı Mehmed Tâhir, Osmanlı Müellifleri Eserinin 3. cild, Coğrafyacılar Faslı","İlk defa yazılan bir eserdir. Müellif İcaletü'l-Coğrafiyyeti ismi ile yeni usûle göre İngilizce yazdığı mükemmel bir coğrafyası ile 26 parçadan mürekkep atlas, Müverrih Vasıf Ahmed ve Mütercim Yakovaki tarafından terceme edilen (Cedit Atlas Tercemesi)'ni 1218 (1803)'de Üsküdar'da Tabhane-i Âmire'de bastırmıştır ki bir nüshası Siroz Kütübhanesinde tarafımdan mütalea edilmiştir.",313
cografya_0017,,Kavâid-i Muamelât-ı Ticariyye,Hikmet Bey «Ahmed Hikmet Bey»,İlmî çalışmaları ile bilinen kalem erbabından,1338 (1922) tarihinde irtihal etmiştir,Gelenbevî damadı Şükrü Efendi'nin oğludur,,,,,ticaret,telif,,,,,,,,,,"Bursalı Mehmed Tâhir, Osmanlı Müellifleri Eserinin 3. cild, Coğrafyacılar Faslı",(Coğrafya-i Umranî) ile birlikte Hikmet Bey'in iki basılmış eserinden ikincisidir.,313
cografya_0018,,Kamusu'l-A'lâm,Şemseddin Sami Bey,,,,,,,,Ek liste: Te'lif ve terceme yoluyla son asır Osmanlı coğrafyacıları tarafından meydana getirilen başlıca eserler,,,,,,,,,,,"Bursalı Mehmed Tâhir, Osmanlı Müellifleri Eserinin 3. cild, Coğrafyacılar Faslı (numaralı eser listesi)","Listede 1. sırada yer almaktadır. Yazar metninde yalnızca kitap adı ve müellif adı verilmiş, ayrıntılı biyografik bilgi sunulmamıştır.",314
cografya_0019,,Coğrafya-i Umumî,Süleyman Şevket Paşa,,,,,,,,Ek liste: Te'lif ve terceme yoluyla son asır Osmanlı coğrafyacıları tarafından meydana getirilen başlıca eserler,,,,,,,,,,,"Bursalı Mehmed Tâhir, Osmanlı Müellifleri Eserinin 3. cild, Coğrafyacılar Faslı (numaralı eser listesi)","Listede 2. sırada yer almaktadır. Yazar metninde yalnızca kitap adı ve müellif adı verilmiş, ayrıntılı biyografik bilgi sunulmamıştır.",314
cografya_0020,,Coğrafya-i Umumî,A. Şeref Efendi,,,,,,,,Ek liste: Te'lif ve terceme yoluyla son asır Osmanlı coğrafyacıları tarafından meydana getirilen başlıca eserler,,,,,,,,,,,"Bursalı Mehmed Tâhir, Osmanlı Müellifleri Eserinin 3. cild, Coğrafyacılar Faslı (numaralı eser listesi)","Listede 3. sırada yer almaktadır. Yazar metninde yalnızca kitap adı ve müellif adı verilmiş, ayrıntılı biyografik bilgi sunulmamıştır.",314
cografya_0021,,Coğrafya-i Umumî,Hüsnü Bey,,,,,,,,Ek liste: Te'lif ve terceme yoluyla son asır Osmanlı coğrafyacıları tarafından meydana getirilen başlıca eserler,,,,,,,,,,,"Bursalı Mehmed Tâhir, Osmanlı Müellifleri Eserinin 3. cild, Coğrafyacılar Faslı (numaralı eser listesi)","Listede 4. sırada yer almaktadır. Yazar metninde yalnızca kitap adı ve müellif adı verilmiş, ayrıntılı biyografik bilgi sunulmamıştır.",314
cografya_0022,,Coğrafya-i Umumî,Cemal Bey,,,,,,,,Ek liste: Te'lif ve terceme yoluyla son asır Osmanlı coğrafyacıları tarafından meydana getirilen başlıca eserler,,,,,,,,,,,"Bursalı Mehmed Tâhir, Osmanlı Müellifleri Eserinin 3. cild, Coğrafyacılar Faslı (numaralı eser listesi)","Listede 5. sırada yer almaktadır. Yazar metninde yalnızca kitap adı ve müellif adı verilmiş, ayrıntılı biyografik bilgi sunulmamıştır.",314
cografya_0023,,Coğrafya-i Umumî,Ali Tevfik Bey,,,,,,,,Ek liste: Te'lif ve terceme yoluyla son asır Osmanlı coğrafyacıları tarafından meydana getirilen başlıca eserler,,,,,,,,,,,"Bursalı Mehmed Tâhir, Osmanlı Müellifleri Eserinin 3. cild, Coğrafyacılar Faslı (numaralı eser listesi)","Listede 6. sırada yer almaktadır. Yazar metninde yalnızca kitap adı ve müellif adı verilmiş, ayrıntılı biyografik bilgi sunulmamıştır.",314
cografya_0024,,Coğrafya-i Osmanî,Ali Tevfik Bey,,,,,,,,Ek liste: Te'lif ve terceme yoluyla son asır Osmanlı coğrafyacıları tarafından meydana getirilen başlıca eserler,,,,,,,,,,,"Bursalı Mehmed Tâhir, Osmanlı Müellifleri Eserinin 3. cild, Coğrafyacılar Faslı (numaralı eser listesi)","Listede 7. sırada yer almaktadır. Yazar metninde yalnızca kitap adı ve müellif adı verilmiş, ayrıntılı biyografik bilgi sunulmamıştır.",314
cografya_0025,,Mufassal Coğrafya-i Osmanî,Ali Saib Efendi,,,,,,,,Ek liste: Te'lif ve terceme yoluyla son asır Osmanlı coğrafyacıları tarafından meydana getirilen başlıca eserler,,,,,,,,,,,"Bursalı Mehmed Tâhir, Osmanlı Müellifleri Eserinin 3. cild, Coğrafyacılar Faslı (numaralı eser listesi)","Listede 8. sırada yer almaktadır. Yazar metninde yalnızca kitap adı ve müellif adı verilmiş, ayrıntılı biyografik bilgi sunulmamıştır.",314
cografya_0026,,Memalik-i Osmaniye Coğrafyası,Şevket Bey,,,,,,,,Ek liste: Te'lif ve terceme yoluyla son asır Osmanlı coğrafyacıları tarafından meydana getirilen başlıca eserler,,,,,,,,,,,"Bursalı Mehmed Tâhir, Osmanlı Müellifleri Eserinin 3. cild, Coğrafyacılar Faslı (numaralı eser listesi)","Listede 9. sırada yer almaktadır. Yazar metninde yalnızca kitap adı ve müellif adı verilmiş, ayrıntılı biyografik bilgi sunulmamıştır.",314
cografya_0027,,Haritalı Coğrafya-i Osmanî,Nasrullah Efendi,,,,,,,,Ek liste: Te'lif ve terceme yoluyla son asır Osmanlı coğrafyacıları tarafından meydana getirilen başlıca eserler,,,,,,,,,,,"Bursalı Mehmed Tâhir, Osmanlı Müellifleri Eserinin 3. cild, Coğrafyacılar Faslı (numaralı eser listesi)","Listede 10. sırada yer almaktadır. Yazar metninde yalnızca kitap adı ve müellif adı verilmiş, ayrıntılı biyografik bilgi sunulmamıştır.",314
cografya_0028,,Coğrafya-i Osmanî,Ali Cevat Bey,,,,,,,,Ek liste: Te'lif ve terceme yoluyla son asır Osmanlı coğrafyacıları tarafından meydana getirilen başlıca eserler,,,,,,,,,,,"Bursalı Mehmed Tâhir, Osmanlı Müellifleri Eserinin 3. cild, Coğrafyacılar Faslı (numaralı eser listesi)","Listede 11. sırada yer almaktadır. Yazar metninde yalnızca kitap adı ve müellif adı verilmiş, ayrıntılı biyografik bilgi sunulmamıştır.",314
cografya_0029,,Fezleke-i Coğrafya-i Umumî,Ali Cevat Bey,,,,,,,,Ek liste: Te'lif ve terceme yoluyla son asır Osmanlı coğrafyacıları tarafından meydana getirilen başlıca eserler,,,,,,,,,,,"Bursalı Mehmed Tâhir, Osmanlı Müellifleri Eserinin 3. cild, Coğrafyacılar Faslı (numaralı eser listesi)","Listede 12. sırada yer almaktadır. Yazar metninde yalnızca kitap adı ve müellif adı verilmiş, ayrıntılı biyografik bilgi sunulmamıştır.",314
cografya_0030,,Coğrafya-i Tabiî ve Politikî,Fazlı Necib Bey,,,,,,,,Ek liste: Te'lif ve terceme yoluyla son asır Osmanlı coğrafyacıları tarafından meydana getirilen başlıca eserler,,,,,,,,,,,"Bursalı Mehmed Tâhir, Osmanlı Müellifleri Eserinin 3. cild, Coğrafyacılar Faslı (numaralı eser listesi)","Listede 13. sırada yer almaktadır. Yazar metninde yalnızca kitap adı ve müellif adı verilmiş, ayrıntılı biyografik bilgi sunulmamıştır.",314
cografya_0031,,Coğrafya-i Tabiî ve Politikî,Rıf'at Efendi,,,,,,,,Ek liste: Te'lif ve terceme yoluyla son asır Osmanlı coğrafyacıları tarafından meydana getirilen başlıca eserler,,,,,,,,,,,"Bursalı Mehmed Tâhir, Osmanlı Müellifleri Eserinin 3. cild, Coğrafyacılar Faslı (numaralı eser listesi)","Listede 14. sırada yer almaktadır. Yazar metninde yalnızca kitap adı ve müellif adı verilmiş, ayrıntılı biyografik bilgi sunulmamıştır.",314
cografya_0032,,Coğrafya-i Askerî,Cemal Bey,,,,,,,,Ek liste: Te'lif ve terceme yoluyla son asır Osmanlı coğrafyacıları tarafından meydana getirilen başlıca eserler,,,,,,,,,,,"Bursalı Mehmed Tâhir, Osmanlı Müellifleri Eserinin 3. cild, Coğrafyacılar Faslı (numaralı eser listesi)","Listede 15. sırada yer almaktadır. Yazar metninde yalnızca kitap adı ve müellif adı verilmiş, ayrıntılı biyografik bilgi sunulmamıştır.",314
cografya_0033,,Coğrafya-i Sınaî ve Ticarî,Hasan Fehmi Efendi,,,,,,,,Ek liste: Te'lif ve terceme yoluyla son asır Osmanlı coğrafyacıları tarafından meydana getirilen başlıca eserler,,,,,,,,,,,"Bursalı Mehmed Tâhir, Osmanlı Müellifleri Eserinin 3. cild, Coğrafyacılar Faslı (numaralı eser listesi)","Listede 16. sırada yer almaktadır. Yazar metninde yalnızca kitap adı ve müellif adı verilmiş, ayrıntılı biyografik bilgi sunulmamıştır.",314
cografya_0034,,Afrika Delili,Muhsin Bey,,,,,,,,Ek liste: Te'lif ve terceme yoluyla son asır Osmanlı coğrafyacıları tarafından meydana getirilen başlıca eserler,,,,,,,,,,,"Bursalı Mehmed Tâhir, Osmanlı Müellifleri Eserinin 3. cild, Coğrafyacılar Faslı (numaralı eser listesi)","Listede 17. sırada yer almaktadır. Yazar metninde yalnızca kitap adı ve müellif adı verilmiş, ayrıntılı biyografik bilgi sunulmamıştır.",314
cografya_0035,,Yeni Afrika,İzzet Bey,,,,,,,,Ek liste: Te'lif ve terceme yoluyla son asır Osmanlı coğrafyacıları tarafından meydana getirilen başlıca eserler,,,,,,,,,,,"Bursalı Mehmed Tâhir, Osmanlı Müellifleri Eserinin 3. cild, Coğrafyacılar Faslı (numaralı eser listesi)","Listede 18. sırada yer almaktadır. Yazar metninde yalnızca kitap adı ve müellif adı verilmiş, ayrıntılı biyografik bilgi sunulmamıştır.",314
cografya_0036,,Japonya,Mehmed Zeki Bey,,,,,,,,Ek liste: Te'lif ve terceme yoluyla son asır Osmanlı coğrafyacıları tarafından meydana getirilen başlıca eserler,,,,,,,,,,,"Bursalı Mehmed Tâhir, Osmanlı Müellifleri Eserinin 3. cild, Coğrafyacılar Faslı (numaralı eser listesi)","Listede 19. sırada yer almaktadır. Yazar metninde yalnızca kitap adı ve müellif adı verilmiş, ayrıntılı biyografik bilgi sunulmamıştır.",314
cografya_0037,,Memalik-i Osmaniyenin Tarih ve Coğrafya Lügati,Ali Cevad Bey,,,,,,,,Ek liste: Te'lif ve terceme yoluyla son asır Osmanlı coğrafyacıları tarafından meydana getirilen başlıca eserler,,,,,,,,,,,"Bursalı Mehmed Tâhir, Osmanlı Müellifleri Eserinin 3. cild, Coğrafyacılar Faslı (numaralı eser listesi)","Listede 20. sırada yer almaktadır. Yazar metninde yalnızca kitap adı ve müellif adı verilmiş, ayrıntılı biyografik bilgi sunulmamıştır.",314
cografya_0038,,Memalik-i Osmaniyenin Ziraat Coğrafyası,Hüseyin Bey,,,,,,,,Ek liste: Te'lif ve terceme yoluyla son asır Osmanlı coğrafyacıları tarafından meydana getirilen başlıca eserler,,,,,,,,,,,"Bursalı Mehmed Tâhir, Osmanlı Müellifleri Eserinin 3. cild, Coğrafyacılar Faslı (numaralı eser listesi)","Listede 21. sırada yer almaktadır. Yazar metninde yalnızca kitap adı ve müellif adı verilmiş, ayrıntılı biyografik bilgi sunulmamıştır.",314
cografya_0039,,Coğrafya-i Ümranî,Hikmet Bey,,,,,,,,Ek liste: Te'lif ve terceme yoluyla son asır Osmanlı coğrafyacıları tarafından meydana getirilen başlıca eserler,,,,,,,,,,,"Bursalı Mehmed Tâhir, Osmanlı Müellifleri Eserinin 3. cild, Coğrafyacılar Faslı (numaralı eser listesi)","Listede 22. sırada yer almaktadır. Yazar metninde yalnızca kitap adı ve müellif adı verilmiş, ayrıntılı biyografik bilgi sunulmamıştır.",314
cografya_0040,,Coğrafya-i Ziraî ve Ticarî,Hasan Fehmi Bey,,,,,,,,Ek liste: Te'lif ve terceme yoluyla son asır Osmanlı coğrafyacıları tarafından meydana getirilen başlıca eserler,,,,,,,,,,,"Bursalı Mehmed Tâhir, Osmanlı Müellifleri Eserinin 3. cild, Coğrafyacılar Faslı (numaralı eser listesi)","Listede 23. sırada yer almaktadır. Yazar metninde yalnızca kitap adı ve müellif adı verilmiş, ayrıntılı biyografik bilgi sunulmamıştır.",314
cografya_0041,,Coğrafya-i Osmanî,Cemal Bey,,,,,,,,Ek liste: Te'lif ve terceme yoluyla son asır Osmanlı coğrafyacıları tarafından meydana getirilen başlıca eserler,,,,,,,,,,,"Bursalı Mehmed Tâhir, Osmanlı Müellifleri Eserinin 3. cild, Coğrafyacılar Faslı (numaralı eser listesi)","Listede 24. sırada yer almaktadır. Yazar metninde yalnızca kitap adı ve müellif adı verilmiş, ayrıntılı biyografik bilgi sunulmamıştır.",314
cografya_0042,,Medhal-i Tarih ve Coğrafya,Ahmed Midhat Efendi,,,,,,,,Ek liste: Te'lif ve terceme yoluyla son asır Osmanlı coğrafyacıları tarafından meydana getirilen başlıca eserler,,,,,,,,,,,"Bursalı Mehmed Tâhir, Osmanlı Müellifleri Eserinin 3. cild, Coğrafyacılar Faslı (numaralı eser listesi)","Listede 25. sırada yer almaktadır. Yazar metninde yalnızca kitap adı ve müellif adı verilmiş, ayrıntılı biyografik bilgi sunulmamıştır.",314
cografya_0043,,Coğrafya-i Hikemî,Ömer Subhi Bey,,,,,,,,Ek liste: Te'lif ve terceme yoluyla son asır Osmanlı coğrafyacıları tarafından meydana getirilen başlıca eserler,,,,,,,,,,,"Bursalı Mehmed Tâhir, Osmanlı Müellifleri Eserinin 3. cild, Coğrafyacılar Faslı (numaralı eser listesi)","Listede 26. sırada yer almaktadır. Yazar metninde yalnızca kitap adı ve müellif adı verilmiş, ayrıntılı biyografik bilgi sunulmamıştır.",314
cografya_0044,,Coğrafya-i Kebîr,Ahmed Hamdi Efendi,,,,,,,,Ek liste: Te'lif ve terceme yoluyla son asır Osmanlı coğrafyacıları tarafından meydana getirilen başlıca eserler,,,,,,,,,,,"Bursalı Mehmed Tâhir, Osmanlı Müellifleri Eserinin 3. cild, Coğrafyacılar Faslı (numaralı eser listesi)","Listede 27. sırada yer almaktadır. Yazar metninde yalnızca kitap adı ve müellif adı verilmiş, ayrıntılı biyografik bilgi sunulmamıştır.",314
cografya_0045,,Lügat-i Tarihiyye ve Coğrafya,Ahmed Rıf'at Efendi,,,,,,,,Ek liste: Te'lif ve terceme yoluyla son asır Osmanlı coğrafyacıları tarafından meydana getirilen başlıca eserler,,,,,,,,,,,"Bursalı Mehmed Tâhir, Osmanlı Müellifleri Eserinin 3. cild, Coğrafyacılar Faslı (numaralı eser listesi)","Listede 28. sırada yer almaktadır. Yazar metninde yalnızca kitap adı ve müellif adı verilmiş, ayrıntılı biyografik bilgi sunulmamıştır.",314
cografya_0046,,Cezîretü'l-Arab,Eyyüb Sabri Paşa,,,,,,,,Ek liste: Te'lif ve terceme yoluyla son asır Osmanlı coğrafyacıları tarafından meydana getirilen başlıca eserler,,,,,,,,,,,"Bursalı Mehmed Tâhir, Osmanlı Müellifleri Eserinin 3. cild, Coğrafyacılar Faslı (numaralı eser listesi)","Listede 29. sırada yer almaktadır. Yazar metninde yalnızca kitap adı ve müellif adı verilmiş, ayrıntılı biyografik bilgi sunulmamıştır.",314
cografya_0047,,Memalik-i Osmaniyenin Mufassal Coğrafyası,Ömer Subhi Bey,,,,,,,,Ek liste: Te'lif ve terceme yoluyla son asır Osmanlı coğrafyacıları tarafından meydana getirilen başlıca eserler,,,,,,,,,,,"Bursalı Mehmed Tâhir, Osmanlı Müellifleri Eserinin 3. cild, Coğrafyacılar Faslı (numaralı eser listesi)","Listede 30. sırada yer almaktadır. Yazar metninde yalnızca kitap adı ve müellif adı verilmiş, ayrıntılı biyografik bilgi sunulmamıştır.",315
cografya_0048,,Ma'lûmâtü'l-Kâfiye Fî Ahvâl-i Memalik-i Osmaniye,Cevad Paşa,,,,,,,,Ek liste: Te'lif ve terceme yoluyla son asır Osmanlı coğrafyacıları tarafından meydana getirilen başlıca eserler,,,,,,,,,,,"Bursalı Mehmed Tâhir, Osmanlı Müellifleri Eserinin 3. cild, Coğrafyacılar Faslı (numaralı eser listesi)","Listede 31. sırada yer almaktadır. Yazar metninde yalnızca kitap adı ve müellif adı verilmiş, ayrıntılı biyografik bilgi sunulmamıştır.",315
cografya_0049,,Coğrafya-i Şevku'l-Ceyşî,Vehbi Bey,,,,,,,,Ek liste: Te'lif ve terceme yoluyla son asır Osmanlı coğrafyacıları tarafından meydana getirilen başlıca eserler,,,,,,,,,,,"Bursalı Mehmed Tâhir, Osmanlı Müellifleri Eserinin 3. cild, Coğrafyacılar Faslı (numaralı eser listesi)","Listede 32. sırada yer almaktadır. Yazar metninde yalnızca kitap adı ve müellif adı verilmiş, ayrıntılı biyografik bilgi sunulmamıştır.",315
cografya_0050,,Coğrafya-i Umumî,Giridli İ. Edhem Bey,,,,,,,,Ek liste: Te'lif ve terceme yoluyla son asır Osmanlı coğrafyacıları tarafından meydana getirilen başlıca eserler,,,,,,,,,,,"Bursalı Mehmed Tâhir, Osmanlı Müellifleri Eserinin 3. cild, Coğrafyacılar Faslı (numaralı eser listesi)","Listede 33. sırada yer almaktadır. Yazar metninde yalnızca kitap adı ve müellif adı verilmiş, ayrıntılı biyografik bilgi sunulmamıştır.",315
cografya_0051,,İstatistik ve Coğrafya-i Ümranî,Abdürrahman Şeref Ef.,,,,,,,,Ek liste: Te'lif ve terceme yoluyla son asır Osmanlı coğrafyacıları tarafından meydana getirilen başlıca eserler,,,,,,,,,,,"Bursalı Mehmed Tâhir, Osmanlı Müellifleri Eserinin 3. cild, Coğrafyacılar Faslı (numaralı eser listesi)","Listede 34. sırada yer almaktadır. Yazar metninde yalnızca kitap adı ve müellif adı verilmiş, ayrıntılı biyografik bilgi sunulmamıştır.",315
cografya_0052,,Afrika Seyahatnamesi,Mustafa Hami Paşa,,,,,,,,Ek liste: Te'lif ve terceme yoluyla son asır Osmanlı coğrafyacıları tarafından meydana getirilen başlıca eserler,,,,,,,,,,,"Bursalı Mehmed Tâhir, Osmanlı Müellifleri Eserinin 3. cild, Coğrafyacılar Faslı (numaralı eser listesi)","Listede 35. sırada yer almaktadır. Yazar metninde yalnızca kitap adı ve müellif adı verilmiş, ayrıntılı biyografik bilgi sunulmamıştır.",315
cografya_0053,,Sahra-i Kebîr Seyahatnamesi,Sadıku'l-Müeyyed Paşa,,,,,,,,Ek liste: Te'lif ve terceme yoluyla son asır Osmanlı coğrafyacıları tarafından meydana getirilen başlıca eserler,,,,,,,,,,,"Bursalı Mehmed Tâhir, Osmanlı Müellifleri Eserinin 3. cild, Coğrafyacılar Faslı (numaralı eser listesi)","Listede 36. sırada yer almaktadır. Yazar metninde yalnızca kitap adı ve müellif adı verilmiş, ayrıntılı biyografik bilgi sunulmamıştır.",315
cografya_0054,,Coğrafya-i Umumî,Celâl Bey,,,,,,,,Ek liste: Te'lif ve terceme yoluyla son asır Osmanlı coğrafyacıları tarafından meydana getirilen başlıca eserler,,,,,,,,,,,"Bursalı Mehmed Tâhir, Osmanlı Müellifleri Eserinin 3. cild, Coğrafyacılar Faslı (numaralı eser listesi)","Listede 37. sırada yer almaktadır. Yazar metninde yalnızca kitap adı ve müellif adı verilmiş, ayrıntılı biyografik bilgi sunulmamıştır.",315
cografya_0055,,Seyahat Jurnali,Âli Bey,,,,,,,,Ek liste: Te'lif ve terceme yoluyla son asır Osmanlı coğrafyacıları tarafından meydana getirilen başlıca eserler,,,,,,,,,,,"Bursalı Mehmed Tâhir, Osmanlı Müellifleri Eserinin 3. cild, Coğrafyacılar Faslı (numaralı eser listesi)","Listede 38. sırada yer almaktadır. Yazar metninde yalnızca kitap adı ve müellif adı verilmiş, ayrıntılı biyografik bilgi sunulmamıştır.",315
cografya_0056,,Hindistan ve Afganistan Seyahatnamesi,Ahmed Hamdi Efendi,,,,,,,,Ek liste: Te'lif ve terceme yoluyla son asır Osmanlı coğrafyacıları tarafından meydana getirilen başlıca eserler,,,,,,,,,,,"Bursalı Mehmed Tâhir, Osmanlı Müellifleri Eserinin 3. cild, Coğrafyacılar Faslı (numaralı eser listesi)","Listede 39. sırada yer almaktadır. Yazar metninde yalnızca kitap adı ve müellif adı verilmiş, ayrıntılı biyografik bilgi sunulmamıştır.",315
cografya_0057,,Brezilya Seyahatnamesi,Hoca Bekir Efendi,,,,,,,,Ek liste: Te'lif ve terceme yoluyla son asır Osmanlı coğrafyacıları tarafından meydana getirilen başlıca eserler,,,,,,,,,,,"Bursalı Mehmed Tâhir, Osmanlı Müellifleri Eserinin 3. cild, Coğrafyacılar Faslı (numaralı eser listesi)","Listede 40. sırada yer almaktadır. Yazar metninde yalnızca kitap adı ve müellif adı verilmiş, ayrıntılı biyografik bilgi sunulmamıştır.",315
cografya_0058,,Coğrafya-i Osmanî,Tâhir Bey,,,,,,,,Ek liste: Te'lif ve terceme yoluyla son asır Osmanlı coğrafyacıları tarafından meydana getirilen başlıca eserler,,,,,,,,,,,"Bursalı Mehmed Tâhir, Osmanlı Müellifleri Eserinin 3. cild, Coğrafyacılar Faslı (numaralı eser listesi)","Listede 41. sırada yer almaktadır. Yazar metninde yalnızca kitap adı ve müellif adı verilmiş, ayrıntılı biyografik bilgi sunulmamıştır.",315
cografya_0059,,İstatistik-i Umumî,Recaî Bey,,,,,,,,Ek liste: Te'lif ve terceme yoluyla son asır Osmanlı coğrafyacıları tarafından meydana getirilen başlıca eserler,,,,,,,,,,,"Bursalı Mehmed Tâhir, Osmanlı Müellifleri Eserinin 3. cild, Coğrafyacılar Faslı (numaralı eser listesi)","Listede 42. sırada yer almaktadır. Yazar metninde yalnızca kitap adı ve müellif adı verilmiş, ayrıntılı biyografik bilgi sunulmamıştır.",315
cografya_0060,,Askerî İstatistik Cetveli,Rüştü Bey,,,,,,,,Ek liste: Te'lif ve terceme yoluyla son asır Osmanlı coğrafyacıları tarafından meydana getirilen başlıca eserler,,,,,,,,,,,"Bursalı Mehmed Tâhir, Osmanlı Müellifleri Eserinin 3. cild, Coğrafyacılar Faslı (numaralı eser listesi)","Listede 43. sırada yer almaktadır. Yazar metninde yalnızca kitap adı ve müellif adı verilmiş, ayrıntılı biyografik bilgi sunulmamıştır.",315
cografya_0061,,İran Coğrafyası,Muhyiddin Efendi,,,,,,,,Ek liste: Te'lif ve terceme yoluyla son asır Osmanlı coğrafyacıları tarafından meydana getirilen başlıca eserler,,,,,,,,,,,"Bursalı Mehmed Tâhir, Osmanlı Müellifleri Eserinin 3. cild, Coğrafyacılar Faslı (numaralı eser listesi)","Listede 44. sırada yer almaktadır. Yazar metninde yalnızca kitap adı ve müellif adı verilmiş, ayrıntılı biyografik bilgi sunulmamıştır.",315
cografya_0062,,Muhtasar Memalik-i Osmaniye Coğrafyası,Ali Tevfik Bey,,,,,,,,Ek liste: Te'lif ve terceme yoluyla son asır Osmanlı coğrafyacıları tarafından meydana getirilen başlıca eserler,,,,,,,,,,,"Bursalı Mehmed Tâhir, Osmanlı Müellifleri Eserinin 3. cild, Coğrafyacılar Faslı (numaralı eser listesi)","Listede 45. sırada yer almaktadır. Yazar metninde yalnızca kitap adı ve müellif adı verilmiş, ayrıntılı biyografik bilgi sunulmamıştır.",315
cografya_0063,,Coğrafya-i Osmanî,Ali Subhi Bey,,,,,,,,Ek liste: Te'lif ve terceme yoluyla son asır Osmanlı coğrafyacıları tarafından meydana getirilen başlıca eserler,,,,,,,,,,,"Bursalı Mehmed Tâhir, Osmanlı Müellifleri Eserinin 3. cild, Coğrafyacılar Faslı (numaralı eser listesi)","Listede 46. sırada yer almaktadır. Yazar metninde yalnızca kitap adı ve müellif adı verilmiş, ayrıntılı biyografik bilgi sunulmamıştır.",315
cografya_0064,,Rehber-i Bahr-i Ahmer,Cemal ve Tevfik Efendiler,,,,,,,,Ek liste: Te'lif ve terceme yoluyla son asır Osmanlı coğrafyacıları tarafından meydana getirilen başlıca eserler,,,,,,,,,,,"Bursalı Mehmed Tâhir, Osmanlı Müellifleri Eserinin 3. cild, Coğrafyacılar Faslı (numaralı eser listesi)","Listede 47. sırada yer almaktadır. Yazar metninde yalnızca kitap adı ve müellif adı verilmiş, ayrıntılı biyografik bilgi sunulmamıştır.",315
cografya_0065,,Coğrafya-i Umumî,Ahmed Ragıp Bey,,,,,,,,Ek liste: Te'lif ve terceme yoluyla son asır Osmanlı coğrafyacıları tarafından meydana getirilen başlıca eserler,,,,,,,,,,,"Bursalı Mehmed Tâhir, Osmanlı Müellifleri Eserinin 3. cild, Coğrafyacılar Faslı (numaralı eser listesi)","Listede 48. sırada yer almaktadır. Yazar metninde yalnızca kitap adı ve müellif adı verilmiş, ayrıntılı biyografik bilgi sunulmamıştır.",315
cografya_0066,,Sudan Mısrı,Ömer Kâmil Paşa,,,,,,,,Ek liste: Te'lif ve terceme yoluyla son asır Osmanlı coğrafyacıları tarafından meydana getirilen başlıca eserler,,,,,,,,,,,"Bursalı Mehmed Tâhir, Osmanlı Müellifleri Eserinin 3. cild, Coğrafyacılar Faslı (numaralı eser listesi)","Listede 49. sırada yer almaktadır. Yazar metninde yalnızca kitap adı ve müellif adı verilmiş, ayrıntılı biyografik bilgi sunulmamıştır.",315
cografya_0067,,Coğrafya-i Seyahat-i Âlem,Halid Efendi,,,,,,,,Ek liste: Te'lif ve terceme yoluyla son asır Osmanlı coğrafyacıları tarafından meydana getirilen başlıca eserler,,,,,,,,,,,"Bursalı Mehmed Tâhir, Osmanlı Müellifleri Eserinin 3. cild, Coğrafyacılar Faslı (numaralı eser listesi)","Listede 50. sırada yer almaktadır. Yazar metninde yalnızca kitap adı ve müellif adı verilmiş, ayrıntılı biyografik bilgi sunulmamıştır.",315
cografya_0068,,Coğrafya-i Şevku'l-Ceyşî,İsmail Hakkı Bey,,,,,,,,Ek liste: Te'lif ve terceme yoluyla son asır Osmanlı coğrafyacıları tarafından meydana getirilen başlıca eserler,,,,,,,,,,,"Bursalı Mehmed Tâhir, Osmanlı Müellifleri Eserinin 3. cild, Coğrafyacılar Faslı (numaralı eser listesi)","Listede 51. sırada yer almaktadır. Yazar metninde yalnızca kitap adı ve müellif adı verilmiş, ayrıntılı biyografik bilgi sunulmamıştır.",315
cografya_0069,,Coğrafya-i Ticarî,Hüsrev Bey,,,,,,,,Ek liste: Te'lif ve terceme yoluyla son asır Osmanlı coğrafyacıları tarafından meydana getirilen başlıca eserler,,,,,,,,,,,"Bursalı Mehmed Tâhir, Osmanlı Müellifleri Eserinin 3. cild, Coğrafyacılar Faslı (numaralı eser listesi)","Listede 52. sırada yer almaktadır. Yazar metninde yalnızca kitap adı ve müellif adı verilmiş, ayrıntılı biyografik bilgi sunulmamıştır.",315
cografya_0070,,Nümune-i Coğrafya-i Umumî,Şakir Efendi,,,,,,,,Ek liste: Te'lif ve terceme yoluyla son asır Osmanlı coğrafyacıları tarafından meydana getirilen başlıca eserler,,,,,,,,,,,"Bursalı Mehmed Tâhir, Osmanlı Müellifleri Eserinin 3. cild, Coğrafyacılar Faslı (numaralı eser listesi)","Listede 53. sırada yer almaktadır. Yazar metninde yalnızca kitap adı ve müellif adı verilmiş, ayrıntılı biyografik bilgi sunulmamıştır.",315
cografya_0071,,Avrupada bir Cevelân,Ahmed Midhat Efendi,,,,,,,,Ek liste: Te'lif ve terceme yoluyla son asır Osmanlı coğrafyacıları tarafından meydana getirilen başlıca eserler,,,,,,,,,,,"Bursalı Mehmed Tâhir, Osmanlı Müellifleri Eserinin 3. cild, Coğrafyacılar Faslı (numaralı eser listesi)","Listede 54. sırada yer almaktadır. Yazar metninde yalnızca kitap adı ve müellif adı verilmiş, ayrıntılı biyografik bilgi sunulmamıştır.",315
cografya_0072,,Avrupa'da Ne Gördüm,Ahmed İhsan Bey,,,,,,,,Ek liste: Te'lif ve terceme yoluyla son asır Osmanlı coğrafyacıları tarafından meydana getirilen başlıca eserler,,,,,,,,,,,"Bursalı Mehmed Tâhir, Osmanlı Müellifleri Eserinin 3. cild, Coğrafyacılar Faslı (numaralı eser listesi)","Listede 55. sırada yer almaktadır. Yazar metninde yalnızca kitap adı ve müellif adı verilmiş, ayrıntılı biyografik bilgi sunulmamıştır.",315
cografya_0073,,Hüdavendigâr Vilâyetinde Bir Hafta Seyahat,Ömer Subhi Bey,,,,,,,,Ek liste: Te'lif ve terceme yoluyla son asır Osmanlı coğrafyacıları tarafından meydana getirilen başlıca eserler,,,,,,,,,,,"Bursalı Mehmed Tâhir, Osmanlı Müellifleri Eserinin 3. cild, Coğrafyacılar Faslı (numaralı eser listesi)","Listede 56. sırada yer almaktadır. Yazar metninde yalnızca kitap adı ve müellif adı verilmiş, ayrıntılı biyografik bilgi sunulmamıştır.",315
cografya_0074,,Trablusgarb ve Bingazi ile Sahra-i Kebîr ve Sudan Merakizi,,,,,,,,,Ek liste: Te'lif ve terceme yoluyla son asır Osmanlı coğrafyacıları tarafından meydana getirilen başlıca eserler,,,,,,,,,,,"Bursalı Mehmed Tâhir, Osmanlı Müellifleri Eserinin 3. cild, Coğrafyacılar Faslı (numaralı eser listesi)","Listede 57. sırada yer almaktadır. Yazar metninde yalnızca kitap adı ve müellif adı verilmiş, ayrıntılı biyografik bilgi sunulmamıştır.",315
cografya_0075,,Japonya Seyahatnamesi Tercemesi,Safvet Bey,,,,,,,,Ek liste: Te'lif ve terceme yoluyla son asır Osmanlı coğrafyacıları tarafından meydana getirilen başlıca eserler,,,,,,,,,,,"Bursalı Mehmed Tâhir, Osmanlı Müellifleri Eserinin 3. cild, Coğrafyacılar Faslı (numaralı eser listesi)","Listede 58. sırada yer almaktadır. Yazar metninde yalnızca kitap adı ve müellif adı verilmiş, ayrıntılı biyografik bilgi sunulmamıştır.",315
cografya_0076,,Tesalya'da Bir Cevelân,Süleyman Tevfik Bey,,,,,,,,Ek liste: Te'lif ve terceme yoluyla son asır Osmanlı coğrafyacıları tarafından meydana getirilen başlıca eserler,,,,,,,,,,,"Bursalı Mehmed Tâhir, Osmanlı Müellifleri Eserinin 3. cild, Coğrafyacılar Faslı (numaralı eser listesi)","Listede 59. sırada yer almaktadır. Yazar metninde yalnızca kitap adı ve müellif adı verilmiş, ayrıntılı biyografik bilgi sunulmamıştır.",315
cografya_0077,,Küçük Coğrafya,Mazhar Bey,,,,,,,,Ek liste: Te'lif ve terceme yoluyla son asır Osmanlı coğrafyacıları tarafından meydana getirilen başlıca eserler,,,,,,,,,,,"Bursalı Mehmed Tâhir, Osmanlı Müellifleri Eserinin 3. cild, Coğrafyacılar Faslı (numaralı eser listesi)","Listede 60. sırada yer almaktadır. Yazar metninde yalnızca kitap adı ve müellif adı verilmiş, ayrıntılı biyografik bilgi sunulmamıştır.",315
cografya_0078,,Rehber-i Ümran,Ferik A. Muhtar Paşa,,,,,,,,Ek liste: Te'lif ve terceme yoluyla son asır Osmanlı coğrafyacıları tarafından meydana getirilen başlıca eserler,,,,,,,,,,,"Bursalı Mehmed Tâhir, Osmanlı Müellifleri Eserinin 3. cild, Coğrafyacılar Faslı (numaralı eser listesi)","Listede 61. sırada yer almaktadır. Yazar metninde yalnızca kitap adı ve müellif adı verilmiş, ayrıntılı biyografik bilgi sunulmamıştır.",315
cografya_0079,,"Seyahat (İstanbul'dan azîmetle Samsun, Diyarbakır, Bağdat, Halep, İskenderun Avdeti)",,,,,,,,,Ek liste: Te'lif ve terceme yoluyla son asır Osmanlı coğrafyacıları tarafından meydana getirilen başlıca eserler,,,,,,,,,,,"Bursalı Mehmed Tâhir, Osmanlı Müellifleri Eserinin 3. cild, Coğrafyacılar Faslı (numaralı eser listesi)","Listede 62. sırada yer almaktadır. Yazar metninde yalnızca kitap adı ve müellif adı verilmiş, ayrıntılı biyografik bilgi sunulmamıştır.",315
cografya_0080,,İstanbul'dan Asya-i Şarkîye Seyahat,Emîn Bey,,,,,,,,Ek liste: Te'lif ve terceme yoluyla son asır Osmanlı coğrafyacıları tarafından meydana getirilen başlıca eserler,,,,,,,,,,,"Bursalı Mehmed Tâhir, Osmanlı Müellifleri Eserinin 3. cild, Coğrafyacılar Faslı (numaralı eser listesi)","Listede 63. sırada yer almaktadır. Yazar metninde yalnızca kitap adı ve müellif adı verilmiş, ayrıntılı biyografik bilgi sunulmamıştır.",316
cografya_0081,,Brezilya Seyahatnamesi,Bağdatlı Abdurrahim Ef.,,,,,,,,Ek liste: Te'lif ve terceme yoluyla son asır Osmanlı coğrafyacıları tarafından meydana getirilen başlıca eserler,,,,,,,,,,,"Bursalı Mehmed Tâhir, Osmanlı Müellifleri Eserinin 3. cild, Coğrafyacılar Faslı (numaralı eser listesi)","Listede 64. sırada yer almaktadır. Yazar metninde yalnızca kitap adı ve müellif adı verilmiş, ayrıntılı biyografik bilgi sunulmamıştır.",316
cografya_0082,,İbn-i Batuta Seyahatnamesi Tercemesi (Noksandır),,,,,,,,,Ek liste: Te'lif ve terceme yoluyla son asır Osmanlı coğrafyacıları tarafından meydana getirilen başlıca eserler,,,,,,,,,,,"Bursalı Mehmed Tâhir, Osmanlı Müellifleri Eserinin 3. cild, Coğrafyacılar Faslı (numaralı eser listesi)","Listede 65. sırada yer almaktadır. Yazar metninde yalnızca kitap adı ve müellif adı verilmiş, ayrıntılı biyografik bilgi sunulmamıştır.",316
cografya_0083,,Musavver Türkistan Seyahatnamesi Tercemesi,Bahriye Kolağası Ahmed Efendi,,,,,,,,Ek liste: Te'lif ve terceme yoluyla son asır Osmanlı coğrafyacıları tarafından meydana getirilen başlıca eserler,,,,,,,,,,,"Bursalı Mehmed Tâhir, Osmanlı Müellifleri Eserinin 3. cild, Coğrafyacılar Faslı (numaralı eser listesi)","Listede 66. sırada yer almaktadır. Yazar metninde yalnızca kitap adı ve müellif adı verilmiş, ayrıntılı biyografik bilgi sunulmamıştır.",316
cografya_0084,,Zübdetü'l-Coğrafya,Hafız Abdüllâtif Efendi,,,,,,,,Ek liste: Te'lif ve terceme yoluyla son asır Osmanlı coğrafyacıları tarafından meydana getirilen başlıca eserler,,,,,,,,,,,"Bursalı Mehmed Tâhir, Osmanlı Müellifleri Eserinin 3. cild, Coğrafyacılar Faslı (numaralı eser listesi)","Listede 67. sırada yer almaktadır. Yazar metninde yalnızca kitap adı ve müellif adı verilmiş, ayrıntılı biyografik bilgi sunulmamıştır.",316
cografya_0085,,Medhal-i Coğrafya,Hüseyin Rıfkı Bey,,,,,,,,Ek liste: Te'lif ve terceme yoluyla son asır Osmanlı coğrafyacıları tarafından meydana getirilen başlıca eserler,,,,,,,,,,,"Bursalı Mehmed Tâhir, Osmanlı Müellifleri Eserinin 3. cild, Coğrafyacılar Faslı (numaralı eser listesi)","Listede 68. sırada yer almaktadır. Yazar metninde yalnızca kitap adı ve müellif adı verilmiş, ayrıntılı biyografik bilgi sunulmamıştır.",316
cografya_0086,,Acâib-i Âlem,Ahmed Midhat Efendi,,,,,,,,Ek liste: Te'lif ve terceme yoluyla son asır Osmanlı coğrafyacıları tarafından meydana getirilen başlıca eserler,,,,,,,,,,,"Bursalı Mehmed Tâhir, Osmanlı Müellifleri Eserinin 3. cild, Coğrafyacılar Faslı (numaralı eser listesi)","Listede 69. sırada yer almaktadır. Yazar metninde yalnızca kitap adı ve müellif adı verilmiş, ayrıntılı biyografik bilgi sunulmamıştır.",316
cografya_0087,,Bir Sahte Dervişin Seyahatnamesi Tercemesi,,,,,,,,,Ek liste: Te'lif ve terceme yoluyla son asır Osmanlı coğrafyacıları tarafından meydana getirilen başlıca eserler,,,,,,,,,,,"Bursalı Mehmed Tâhir, Osmanlı Müellifleri Eserinin 3. cild, Coğrafyacılar Faslı (numaralı eser listesi)","Listede 70. sırada yer almaktadır. Yazar metninde yalnızca kitap adı ve müellif adı verilmiş, ayrıntılı biyografik bilgi sunulmamıştır.",316
cografya_0088,,Amerika Hududu Seyahatnamesi Tercemesi,,,,,,,,,Ek liste: Te'lif ve terceme yoluyla son asır Osmanlı coğrafyacıları tarafından meydana getirilen başlıca eserler,,,,,,,,,,,"Bursalı Mehmed Tâhir, Osmanlı Müellifleri Eserinin 3. cild, Coğrafyacılar Faslı (numaralı eser listesi)","Listede 71. sırada yer almaktadır. Yazar metninde yalnızca kitap adı ve müellif adı verilmiş, ayrıntılı biyografik bilgi sunulmamıştır.",316
cografya_0089,,İlâveli Mülâhhas Coğrafya,Binbaşı İzzet Efendi,,,,,,,,Ek liste: Te'lif ve terceme yoluyla son asır Osmanlı coğrafyacıları tarafından meydana getirilen başlıca eserler,,,,,,,,,,,"Bursalı Mehmed Tâhir, Osmanlı Müellifleri Eserinin 3. cild, Coğrafyacılar Faslı (numaralı eser listesi)","Listede 72. sırada yer almaktadır. Yazar metninde yalnızca kitap adı ve müellif adı verilmiş, ayrıntılı biyografik bilgi sunulmamıştır.",316
cografya_0090,,Anadolu ve Rumeliye Küçük bir Seyahat,Halil Selim Bey,,,,,,,,Ek liste: Te'lif ve terceme yoluyla son asır Osmanlı coğrafyacıları tarafından meydana getirilen başlıca eserler,,,,,,,,,,,"Bursalı Mehmed Tâhir, Osmanlı Müellifleri Eserinin 3. cild, Coğrafyacılar Faslı (numaralı eser listesi)","Listede 73. sırada yer almaktadır. Yazar metninde yalnızca kitap adı ve müellif adı verilmiş, ayrıntılı biyografik bilgi sunulmamıştır.",316
cografya_0091,,Mufassal Coğrafya-i Umumî,Muhyiddin Efendi,,,,,,,,Ek liste: Te'lif ve terceme yoluyla son asır Osmanlı coğrafyacıları tarafından meydana getirilen başlıca eserler,,,,,,,,,,,"Bursalı Mehmed Tâhir, Osmanlı Müellifleri Eserinin 3. cild, Coğrafyacılar Faslı (numaralı eser listesi)","Listede 74. sırada yer almaktadır. Yazar metninde yalnızca kitap adı ve müellif adı verilmiş, ayrıntılı biyografik bilgi sunulmamıştır.",316
cografya_0092,,Coğrafya Hocası,İbrahim Celâleddin Ef.,,,,,,,,Ek liste: Te'lif ve terceme yoluyla son asır Osmanlı coğrafyacıları tarafından meydana getirilen başlıca eserler,,,,,,,,,,,"Bursalı Mehmed Tâhir, Osmanlı Müellifleri Eserinin 3. cild, Coğrafyacılar Faslı (numaralı eser listesi)","Listede 75. sırada yer almaktadır. Yazar metninde yalnızca kitap adı ve müellif adı verilmiş, ayrıntılı biyografik bilgi sunulmamıştır.",316
cografya_0093,,Coğrafya Şevku'l-Ceyşi,Ahmed Refik Bey,,,,,,,,Ek liste: Te'lif ve terceme yoluyla son asır Osmanlı coğrafyacıları tarafından meydana getirilen başlıca eserler,,,,,,,,,,,"Bursalı Mehmed Tâhir, Osmanlı Müellifleri Eserinin 3. cild, Coğrafyacılar Faslı (numaralı eser listesi)","Listede 76. sırada yer almaktadır. Yazar metninde yalnızca kitap adı ve müellif adı verilmiş, ayrıntılı biyografik bilgi sunulmamıştır.",316
cografya_0094,,Hüdavendigâr Vilâyeti Coğrafya ve Ahvâl-i Umumiyesi,Âsaf Bey,,,,,,,,Ek liste: Te'lif ve terceme yoluyla son asır Osmanlı coğrafyacıları tarafından meydana getirilen başlıca eserler,,,,,,,,,,,"Bursalı Mehmed Tâhir, Osmanlı Müellifleri Eserinin 3. cild, Coğrafyacılar Faslı (numaralı eser listesi)","Listede 77. sırada yer almaktadır. Yazar metninde yalnızca kitap adı ve müellif adı verilmiş, ayrıntılı biyografik bilgi sunulmamıştır.",316
cografya_0095,,Çin,Ali Muzaffer Bey,,,,,,,,Ek liste: Te'lif ve terceme yoluyla son asır Osmanlı coğrafyacıları tarafından meydana getirilen başlıca eserler,,,,,,,,,,,"Bursalı Mehmed Tâhir, Osmanlı Müellifleri Eserinin 3. cild, Coğrafyacılar Faslı (numaralı eser listesi)","Listede 78. sırada yer almaktadır. Yazar metninde yalnızca kitap adı ve müellif adı verilmiş, ayrıntılı biyografik bilgi sunulmamıştır.",316
cografya_0096,,Kutba Doğru - Seyyah Nansen'in Seyahatnamesi,Aliye Mahire Hanım,,,,,,,,Ek liste: Te'lif ve terceme yoluyla son asır Osmanlı coğrafyacıları tarafından meydana getirilen başlıca eserler,,,,,,,,,,,"Bursalı Mehmed Tâhir, Osmanlı Müellifleri Eserinin 3. cild, Coğrafyacılar Faslı (numaralı eser listesi)","Listede 79. sırada yer almaktadır. Yazar metninde yalnızca kitap adı ve müellif adı verilmiş, ayrıntılı biyografik bilgi sunulmamıştır.",316
cografya_0097,,Nil Sahilinde Altı Hafta Seyahat,Ahmed İhsan Bey,,,,,,,,Ek liste: Te'lif ve terceme yoluyla son asır Osmanlı coğrafyacıları tarafından meydana getirilen başlıca eserler,,,,,,,,,,,"Bursalı Mehmed Tâhir, Osmanlı Müellifleri Eserinin 3. cild, Coğrafyacılar Faslı (numaralı eser listesi)","Listede 80. sırada yer almaktadır. Yazar metninde yalnızca kitap adı ve müellif adı verilmiş, ayrıntılı biyografik bilgi sunulmamıştır.",316
cografya_0098,,Jeoğrafya Muallimi,Abdülhalik Midhat Bey,,,,,,,,Ek liste: Te'lif ve terceme yoluyla son asır Osmanlı coğrafyacıları tarafından meydana getirilen başlıca eserler,,,,,,,,,,,"Bursalı Mehmed Tâhir, Osmanlı Müellifleri Eserinin 3. cild, Coğrafyacılar Faslı (numaralı eser listesi)","Listede 81. sırada yer almaktadır. Yazar metninde yalnızca kitap adı ve müellif adı verilmiş, ayrıntılı biyografik bilgi sunulmamıştır.",316
cografya_0099,,Bursa'ya Seyahat,İbnü'l-Celâl Sezaî Bey,,,,,,,,Ek liste: Te'lif ve terceme yoluyla son asır Osmanlı coğrafyacıları tarafından meydana getirilen başlıca eserler,,,,,,,,,,,"Bursalı Mehmed Tâhir, Osmanlı Müellifleri Eserinin 3. cild, Coğrafyacılar Faslı (numaralı eser listesi)","Listede 82. sırada yer almaktadır. Yazar metninde yalnızca kitap adı ve müellif adı verilmiş, ayrıntılı biyografik bilgi sunulmamıştır.",316
cografya_0100,,Ümid Burnu Seyahatnamesi,Ömer Lütfü Efendi,,,,,,,,Ek liste: Te'lif ve terceme yoluyla son asır Osmanlı coğrafyacıları tarafından meydana getirilen başlıca eserler,,,,,,,,,,,"Bursalı Mehmed Tâhir, Osmanlı Müellifleri Eserinin 3. cild, Coğrafyacılar Faslı (numaralı eser listesi)","Listede 83. sırada yer almaktadır. Yazar metninde yalnızca kitap adı ve müellif adı verilmiş, ayrıntılı biyografik bilgi sunulmamıştır.",316
cografya_0101,,Coğrafya-i Ümranî,İbnü'l-Cevad Efdalüddin,,,,,,,,Ek liste: Te'lif ve terceme yoluyla son asır Osmanlı coğrafyacıları tarafından meydana getirilen başlıca eserler,,,,,,,,,,,"Bursalı Mehmed Tâhir, Osmanlı Müellifleri Eserinin 3. cild, Coğrafyacılar Faslı (numaralı eser listesi)","Listede 84. sırada yer almaktadır. Yazar metninde yalnızca kitap adı ve müellif adı verilmiş, ayrıntılı biyografik bilgi sunulmamıştır.",316
cografya_0102,,Nev Usûl-i Hulâsa-i Coğrafya,Osman Vasıf Bey,,,,,,,,Ek liste: Te'lif ve terceme yoluyla son asır Osmanlı coğrafyacıları tarafından meydana getirilen başlıca eserler,,,,,,,,,,,"Bursalı Mehmed Tâhir, Osmanlı Müellifleri Eserinin 3. cild, Coğrafyacılar Faslı (numaralı eser listesi)","Listede 85. sırada yer almaktadır. Yazar metninde yalnızca kitap adı ve müellif adı verilmiş, ayrıntılı biyografik bilgi sunulmamıştır.",316
cografya_0103,,Asya-i Şarkî'ye Seyahat,Kâmî Efendi,,,,,,,,Ek liste: Te'lif ve terceme yoluyla son asır Osmanlı coğrafyacıları tarafından meydana getirilen başlıca eserler,,,,,,,,,,,"Bursalı Mehmed Tâhir, Osmanlı Müellifleri Eserinin 3. cild, Coğrafyacılar Faslı (numaralı eser listesi)","Listede 86. sırada yer almaktadır. Yazar metninde yalnızca kitap adı ve müellif adı verilmiş, ayrıntılı biyografik bilgi sunulmamıştır.",316
cografya_0104,,Alp Dağlarında Temâşa ve Edvar-ı Arz,Yenişehirlizâde Halid Eyüb Bey,,,,,,,,Ek liste: Te'lif ve terceme yoluyla son asır Osmanlı coğrafyacıları tarafından meydana getirilen başlıca eserler,,,,,,,,,,,"Bursalı Mehmed Tâhir, Osmanlı Müellifleri Eserinin 3. cild, Coğrafyacılar Faslı (numaralı eser listesi)","Listede 87. sırada yer almaktadır. Yazar metninde yalnızca kitap adı ve müellif adı verilmiş, ayrıntılı biyografik bilgi sunulmamıştır.",316
cografya_0105,,Rehber-i Deryâ,Bahriye'den Faik Bey (Karadeniz ve Çanakkale Boğazları ile Marmara Denizi'nin tarifleri.),,,,,,,,Ek liste: Te'lif ve terceme yoluyla son asır Osmanlı coğrafyacıları tarafından meydana getirilen başlıca eserler,,,,,,,,,,,"Bursalı Mehmed Tâhir, Osmanlı Müellifleri Eserinin 3. cild, Coğrafyacılar Faslı (numaralı eser listesi)","Listede 88. sırada yer almaktadır. Yazar metninde yalnızca kitap adı ve müellif adı verilmiş, ayrıntılı biyografik bilgi sunulmamıştır.",316
cografya_0106,,Mebadi-i Fenn-i Coğrafya,,,,,,,,,Ek liste: Te'lif ve terceme yoluyla son asır Osmanlı coğrafyacıları tarafından meydana getirilen başlıca eserler,,,,,,,,,,,"Bursalı Mehmed Tâhir, Osmanlı Müellifleri Eserinin 3. cild, Coğrafyacılar Faslı (numaralı eser listesi)","Listede 89. sırada yer almaktadır. Yazar metninde yalnızca kitap adı ve müellif adı verilmiş, ayrıntılı biyografik bilgi sunulmamıştır.",317
cografya_0107,,Halep Tarikiyle Merahil-i Kostantiniyye,Erkân-ı Harbiye Yüzbaşılarından Fehmi Efendi,,,,,,,,Ek liste: Te'lif ve terceme yoluyla son asır Osmanlı coğrafyacıları tarafından meydana getirilen başlıca eserler,,,,,,,,,,,"Bursalı Mehmed Tâhir, Osmanlı Müellifleri Eserinin 3. cild, Coğrafyacılar Faslı (numaralı eser listesi)","Listede 90. sırada yer almaktadır. Yazar metninde yalnızca kitap adı ve müellif adı verilmiş, ayrıntılı biyografik bilgi sunulmamıştır.",317
cografya_0108,,Karadağ ve Ordusu,Kolağası M. Subhi Bey,,,,,,,,Ek liste: Te'lif ve terceme yoluyla son asır Osmanlı coğrafyacıları tarafından meydana getirilen başlıca eserler,,,,,,,,,,,"Bursalı Mehmed Tâhir, Osmanlı Müellifleri Eserinin 3. cild, Coğrafyacılar Faslı (numaralı eser listesi)","Listede 91. sırada yer almaktadır. Yazar metninde yalnızca kitap adı ve müellif adı verilmiş, ayrıntılı biyografik bilgi sunulmamıştır.",317
cografya_0109,,Aydında Seyahat,Midillili M. Hayreddin Ef.,,,,,,,,Ek liste: Te'lif ve terceme yoluyla son asır Osmanlı coğrafyacıları tarafından meydana getirilen başlıca eserler,,,,,,,,,,,"Bursalı Mehmed Tâhir, Osmanlı Müellifleri Eserinin 3. cild, Coğrafyacılar Faslı (numaralı eser listesi)","Listede 92. sırada yer almaktadır. Yazar metninde yalnızca kitap adı ve müellif adı verilmiş, ayrıntılı biyografik bilgi sunulmamıştır.",317
cografya_0110,,Trabzon Seyahatnamesi,,,,,,,,,Ek liste: Te'lif ve terceme yoluyla son asır Osmanlı coğrafyacıları tarafından meydana getirilen başlıca eserler,,,,,,,,,,,"Bursalı Mehmed Tâhir, Osmanlı Müellifleri Eserinin 3. cild, Coğrafyacılar Faslı (numaralı eser listesi)","Listede 93. sırada yer almaktadır. Yazar metninde yalnızca kitap adı ve müellif adı verilmiş, ayrıntılı biyografik bilgi sunulmamıştır.",317
cografya_0111,,Asya-i Osmanî'de Bir Cevelân,Ferik A. Muhtar Paşa,,,,,,,,Ek liste: Te'lif ve terceme yoluyla son asır Osmanlı coğrafyacıları tarafından meydana getirilen başlıca eserler,,,,,,,,,,,"Bursalı Mehmed Tâhir, Osmanlı Müellifleri Eserinin 3. cild, Coğrafyacılar Faslı (numaralı eser listesi)","Listede 94. sırada yer almaktadır. Yazar metninde yalnızca kitap adı ve müellif adı verilmiş, ayrıntılı biyografik bilgi sunulmamıştır.",317
cografya_0112,,İcmal-i Coğrafya,Hüsnü Bey,,,,,,,,Ek liste: Te'lif ve terceme yoluyla son asır Osmanlı coğrafyacıları tarafından meydana getirilen başlıca eserler,,,,,,,,,,,"Bursalı Mehmed Tâhir, Osmanlı Müellifleri Eserinin 3. cild, Coğrafyacılar Faslı (numaralı eser listesi)","Listede 95. sırada yer almaktadır. Yazar metninde yalnızca kitap adı ve müellif adı verilmiş, ayrıntılı biyografik bilgi sunulmamıştır.",317
cografya_0113,,Coğrafya-i Umumî,Nuri Bey (Süleyman Şevket Paşanın babası),,,,,,,,Ek liste: Te'lif ve terceme yoluyla son asır Osmanlı coğrafyacıları tarafından meydana getirilen başlıca eserler,,,,,,,,,,,"Bursalı Mehmed Tâhir, Osmanlı Müellifleri Eserinin 3. cild, Coğrafyacılar Faslı (numaralı eser listesi)","Listede 96. sırada yer almaktadır. Yazar metninde yalnızca kitap adı ve müellif adı verilmiş, ayrıntılı biyografik bilgi sunulmamıştır.",317
cografya_0114,,Coğrafya-i Cedît,Ahmed Muhtar Efendi,,,,,,,,Ek liste: Te'lif ve terceme yoluyla son asır Osmanlı coğrafyacıları tarafından meydana getirilen başlıca eserler,,,,,,,,,,,"Bursalı Mehmed Tâhir, Osmanlı Müellifleri Eserinin 3. cild, Coğrafyacılar Faslı (numaralı eser listesi)","Listede 97. sırada yer almaktadır. Yazar metninde yalnızca kitap adı ve müellif adı verilmiş, ayrıntılı biyografik bilgi sunulmamıştır.",317
cografya_0115,,Yeni Japonya,Mehmed Arif Bey,,,,,,,,Ek liste: Te'lif ve terceme yoluyla son asır Osmanlı coğrafyacıları tarafından meydana getirilen başlıca eserler,,,,,,,,,,,"Bursalı Mehmed Tâhir, Osmanlı Müellifleri Eserinin 3. cild, Coğrafyacılar Faslı (numaralı eser listesi)","Listede 98. sırada yer almaktadır. Yazar metninde yalnızca kitap adı ve müellif adı verilmiş, ayrıntılı biyografik bilgi sunulmamıştır.",317
cografya_0116,,Resimli Nümune-i Coğrafya,Mehmed Refik Bey,,,,,,,,Ek liste: Te'lif ve terceme yoluyla son asır Osmanlı coğrafyacıları tarafından meydana getirilen başlıca eserler,,,,,,,,,,,"Bursalı Mehmed Tâhir, Osmanlı Müellifleri Eserinin 3. cild, Coğrafyacılar Faslı (numaralı eser listesi)","Listede 99. sırada yer almaktadır. Yazar metninde yalnızca kitap adı ve müellif adı verilmiş, ayrıntılı biyografik bilgi sunulmamıştır.",317
cografya_0117,,Japonya Seyahatnamesi,Ali Muzaffer Bey,,,,,,,,Ek liste: Te'lif ve terceme yoluyla son asır Osmanlı coğrafyacıları tarafından meydana getirilen başlıca eserler,,,,,,,,,,,"Bursalı Mehmed Tâhir, Osmanlı Müellifleri Eserinin 3. cild, Coğrafyacılar Faslı (numaralı eser listesi)","Listede 100. sırada yer almaktadır. Yazar metninde yalnızca kitap adı ve müellif adı verilmiş, ayrıntılı biyografik bilgi sunulmamıştır.",317
cografya_0118,,Habeş Seyahatnamesi,Sadık el-Müeyyed Paşa,,,,,,,,Ek liste: Te'lif ve terceme yoluyla son asır Osmanlı coğrafyacıları tarafından meydana getirilen başlıca eserler,,,,,,,,,,,"Bursalı Mehmed Tâhir, Osmanlı Müellifleri Eserinin 3. cild, Coğrafyacılar Faslı (numaralı eser listesi)","Listede 101. sırada yer almaktadır. Yazar metninde yalnızca kitap adı ve müellif adı verilmiş, ayrıntılı biyografik bilgi sunulmamıştır.",317
cografya_0119,,İtalya Seyahatnamesi,Rıf'at Mehmed Paşa,,,,,,,,Ek liste: Te'lif ve terceme yoluyla son asır Osmanlı coğrafyacıları tarafından meydana getirilen başlıca eserler,,,,,,,,,,,"Bursalı Mehmed Tâhir, Osmanlı Müellifleri Eserinin 3. cild, Coğrafyacılar Faslı (numaralı eser listesi)","Listede 102. sırada yer almaktadır. Yazar metninde yalnızca kitap adı ve müellif adı verilmiş, ayrıntılı biyografik bilgi sunulmamıştır.",317
cografya_0120,,Coğrafya-i Osmanî,Remzi Bey,,,,,,,,Ek liste: Te'lif ve terceme yoluyla son asır Osmanlı coğrafyacıları tarafından meydana getirilen başlıca eserler,,,,,,,,,,,"Bursalı Mehmed Tâhir, Osmanlı Müellifleri Eserinin 3. cild, Coğrafyacılar Faslı (numaralı eser listesi)","Listede 103. sırada yer almaktadır. Yazar metninde yalnızca kitap adı ve müellif adı verilmiş, ayrıntılı biyografik bilgi sunulmamıştır.",317
cografya_0121,,"Aksa-yi Şark Hükûmetleri (Japonya, Kore, Mançuri)",Ca'ferzâde Tevfik Efendi,,,,,,,,Ek liste: Te'lif ve terceme yoluyla son asır Osmanlı coğrafyacıları tarafından meydana getirilen başlıca eserler,,,,,,,,,,,"Bursalı Mehmed Tâhir, Osmanlı Müellifleri Eserinin 3. cild, Coğrafyacılar Faslı (numaralı eser listesi)","Listede 104. sırada yer almaktadır. Yazar metninde yalnızca kitap adı ve müellif adı verilmiş, ayrıntılı biyografik bilgi sunulmamıştır.",317
cografya_0122,,Tibet Dağlarında,"Mustafa Refik Bey, Sami Paşazâde Abdülhalim Bey",,,,,,,,Ek liste: Te'lif ve terceme yoluyla son asır Osmanlı coğrafyacıları tarafından meydana getirilen başlıca eserler,,,,,,,,,,,"Bursalı Mehmed Tâhir, Osmanlı Müellifleri Eserinin 3. cild, Coğrafyacılar Faslı (numaralı eser listesi)","Listede 105. sırada yer almaktadır. Yazar metninde yalnızca kitap adı ve müellif adı verilmiş, ayrıntılı biyografik bilgi sunulmamıştır.",317
cografya_0123,,Coğrafya-i Kebîr (Umumî),,,,,,,,,Ek liste: Te'lif ve terceme yoluyla son asır Osmanlı coğrafyacıları tarafından meydana getirilen başlıca eserler,,,,,,,,,,,"Bursalı Mehmed Tâhir, Osmanlı Müellifleri Eserinin 3. cild, Coğrafyacılar Faslı (numaralı eser listesi)","Listede 106. sırada yer almaktadır. Yazar metninde yalnızca kitap adı ve müellif adı verilmiş, ayrıntılı biyografik bilgi sunulmamıştır.",317
cografya_0124,,Küçük Seyahat Cüz'lerinden (Afganistan). Tercemedir.,Ahmed İhsan Bey,,,,,,,,Ek liste: Te'lif ve terceme yoluyla son asır Osmanlı coğrafyacıları tarafından meydana getirilen başlıca eserler,,,,,,,,,,,"Bursalı Mehmed Tâhir, Osmanlı Müellifleri Eserinin 3. cild, Coğrafyacılar Faslı (numaralı eser listesi)","Listede 107. sırada yer almaktadır. Yazar metninde yalnızca kitap adı ve müellif adı verilmiş, ayrıntılı biyografik bilgi sunulmamıştır.",317
cografya_0125,,Küçük Seyahat Cüz'lerinden (Çin'e Seyahat). Tercemedir.,Ahmed İhsan Bey,,,,,,,,Ek liste: Te'lif ve terceme yoluyla son asır Osmanlı coğrafyacıları tarafından meydana getirilen başlıca eserler,,,,,,,,,,,"Bursalı Mehmed Tâhir, Osmanlı Müellifleri Eserinin 3. cild, Coğrafyacılar Faslı (numaralı eser listesi)","Listede 108. sırada yer almaktadır. Yazar metninde yalnızca kitap adı ve müellif adı verilmiş, ayrıntılı biyografik bilgi sunulmamıştır.",317
cografya_0126,,Küçük Seyahat Cüz'lerinden (Bombay Şehri). Tercemedir.,Ahmed İhsan Bey,,,,,,,,Ek liste: Te'lif ve terceme yoluyla son asır Osmanlı coğrafyacıları tarafından meydana getirilen başlıca eserler,,,,,,,,,,,"Bursalı Mehmed Tâhir, Osmanlı Müellifleri Eserinin 3. cild, Coğrafyacılar Faslı (numaralı eser listesi)","Listede 109. sırada yer almaktadır. Yazar metninde yalnızca kitap adı ve müellif adı verilmiş, ayrıntılı biyografik bilgi sunulmamıştır.",317
cografya_0127,,Küçük Seyahat Cüz'lerinden (Şikago Şehri). Tercemedir.,Ahmed İhsan Bey,,,,,,,,Ek liste: Te'lif ve terceme yoluyla son asır Osmanlı coğrafyacıları tarafından meydana getirilen başlıca eserler,,,,,,,,,,,"Bursalı Mehmed Tâhir, Osmanlı Müellifleri Eserinin 3. cild, Coğrafyacılar Faslı (numaralı eser listesi)","Listede 110. sırada yer almaktadır. Yazar metninde yalnızca kitap adı ve müellif adı verilmiş, ayrıntılı biyografik bilgi sunulmamıştır.",317
cografya_0128,,Bursa'ya Seyahat,Ahmed Rasim Bey,,,,,,,,Ek liste: Te'lif ve terceme yoluyla son asır Osmanlı coğrafyacıları tarafından meydana getirilen başlıca eserler,,,,,,,,,,,"Bursalı Mehmed Tâhir, Osmanlı Müellifleri Eserinin 3. cild, Coğrafyacılar Faslı (numaralı eser listesi)","Listede 111. sırada yer almaktadır. Yazar metninde yalnızca kitap adı ve müellif adı verilmiş, ayrıntılı biyografik bilgi sunulmamıştır.",317
cografya_0129,,Gürcü Köyleri,Arif Bey,,,,,,,,Ek liste: Te'lif ve terceme yoluyla son asır Osmanlı coğrafyacıları tarafından meydana getirilen başlıca eserler,,,,,,,,,,,"Bursalı Mehmed Tâhir, Osmanlı Müellifleri Eserinin 3. cild, Coğrafyacılar Faslı (numaralı eser listesi)","Listede 112. sırada yer almaktadır. Yazar metninde yalnızca kitap adı ve müellif adı verilmiş, ayrıntılı biyografik bilgi sunulmamıştır.",317
cografya_0130,,Çin'de Seyahat,Ahmed İhsan Bey,,,,,,,,Ek liste: Te'lif ve terceme yoluyla son asır Osmanlı coğrafyacıları tarafından meydana getirilen başlıca eserler,,,,,,,,,,,"Bursalı Mehmed Tâhir, Osmanlı Müellifleri Eserinin 3. cild, Coğrafyacılar Faslı (numaralı eser listesi)","Listede 113. sırada yer almaktadır. Yazar metninde yalnızca kitap adı ve müellif adı verilmiş, ayrıntılı biyografik bilgi sunulmamıştır.",317
cografya_0131,,Seksen Günde Devr-i Âlem,Ahmed İhsan Bey,,,,,,,,Ek liste: Te'lif ve terceme yoluyla son asır Osmanlı coğrafyacıları tarafından meydana getirilen başlıca eserler,,,,,,,,,,,"Bursalı Mehmed Tâhir, Osmanlı Müellifleri Eserinin 3. cild, Coğrafyacılar Faslı (numaralı eser listesi)","Listede 114. sırada yer almaktadır. Yazar metninde yalnızca kitap adı ve müellif adı verilmiş, ayrıntılı biyografik bilgi sunulmamıştır.",317
cografya_0132,,Cenubî Amerikada Üç Rus ve Üç İngiliz'in Seyahatleri,Ahmed İhsan Bey,,,,,,,,Ek liste: Te'lif ve terceme yoluyla son asır Osmanlı coğrafyacıları tarafından meydana getirilen başlıca eserler,,,,,,,,,,,"Bursalı Mehmed Tâhir, Osmanlı Müellifleri Eserinin 3. cild, Coğrafyacılar Faslı (numaralı eser listesi)","Listede 115. sırada yer almaktadır. Yazar metninde yalnızca kitap adı ve müellif adı verilmiş, ayrıntılı biyografik bilgi sunulmamıştır.",317
cografya_0133,,Kaptan Hatras'ın Kutb-i Şimalî'ye Seyahatı,Ahmed İhsan Bey,,,,,,,,Ek liste: Te'lif ve terceme yoluyla son asır Osmanlı coğrafyacıları tarafından meydana getirilen başlıca eserler,,,,,,,,,,,"Bursalı Mehmed Tâhir, Osmanlı Müellifleri Eserinin 3. cild, Coğrafyacılar Faslı (numaralı eser listesi)","Listede 116. sırada yer almaktadır. Yazar metninde yalnızca kitap adı ve müellif adı verilmiş, ayrıntılı biyografik bilgi sunulmamıştır.",317
cografya_0134,,Hüdavendigâr Vilâyetinde Beş Hafta Seyahat,,,,,,,,,Ek liste: Te'lif ve terceme yoluyla son asır Osmanlı coğrafyacıları tarafından meydana getirilen başlıca eserler,,,,,,,,,,,"Bursalı Mehmed Tâhir, Osmanlı Müellifleri Eserinin 3. cild, Coğrafyacılar Faslı (numaralı eser listesi)","Listede 117. sırada yer almaktadır. Yazar metninde yalnızca kitap adı ve müellif adı verilmiş, ayrıntılı biyografik bilgi sunulmamıştır.",317
cografya_0135,,Çin'de Dîn-i Mübîn-i İslâm,Abdülâzîz Efendi,,,,,,,,Ek liste: Te'lif ve terceme yoluyla son asır Osmanlı coğrafyacıları tarafından meydana getirilen başlıca eserler,,,,,,,,,,,"Bursalı Mehmed Tâhir, Osmanlı Müellifleri Eserinin 3. cild, Coğrafyacılar Faslı (numaralı eser listesi)","Listede 118. sırada yer almaktadır. Yazar metninde yalnızca kitap adı ve müellif adı verilmiş, ayrıntılı biyografik bilgi sunulmamıştır.",318
cografya_0136,,Antil Adalarına Seyahat,Ahmed İhsan Bey,,,,,,,,Ek liste: Te'lif ve terceme yoluyla son asır Osmanlı coğrafyacıları tarafından meydana getirilen başlıca eserler,,,,,,,,,,,"Bursalı Mehmed Tâhir, Osmanlı Müellifleri Eserinin 3. cild, Coğrafyacılar Faslı (numaralı eser listesi)","Listede 119. sırada yer almaktadır. Yazar metninde yalnızca kitap adı ve müellif adı verilmiş, ayrıntılı biyografik bilgi sunulmamıştır.",318
cografya_0137,,Çin'de İslâmiyet,Hasan Tahsin Bey,,,,,,,,Ek liste: Te'lif ve terceme yoluyla son asır Osmanlı coğrafyacıları tarafından meydana getirilen başlıca eserler,,,,,,,,,,,"Bursalı Mehmed Tâhir, Osmanlı Müellifleri Eserinin 3. cild, Coğrafyacılar Faslı (numaralı eser listesi)","Listede 120. sırada yer almaktadır. Yazar metninde yalnızca kitap adı ve müellif adı verilmiş, ayrıntılı biyografik bilgi sunulmamıştır.",318
cografya_0138,,Japonya Sularında,Birecikli Namık Ekrem Ef.,,,,,,,,Ek liste: Te'lif ve terceme yoluyla son asır Osmanlı coğrafyacıları tarafından meydana getirilen başlıca eserler,,,,,,,,,,,"Bursalı Mehmed Tâhir, Osmanlı Müellifleri Eserinin 3. cild, Coğrafyacılar Faslı (numaralı eser listesi)","Listede 121. sırada yer almaktadır. Yazar metninde yalnızca kitap adı ve müellif adı verilmiş, ayrıntılı biyografik bilgi sunulmamıştır.",318
cografya_0139,,Usûl-ü Coğrafya-i Sağîr,Selânikli Ali Saib Ef.,,,,,,,,Ek liste: Te'lif ve terceme yoluyla son asır Osmanlı coğrafyacıları tarafından meydana getirilen başlıca eserler,,,,,,,,,,,"Bursalı Mehmed Tâhir, Osmanlı Müellifleri Eserinin 3. cild, Coğrafyacılar Faslı (numaralı eser listesi)","Listede 122. sırada yer almaktadır. Yazar metninde yalnızca kitap adı ve müellif adı verilmiş, ayrıntılı biyografik bilgi sunulmamıştır.",318
cografya_0140,,Menakıb-ı Seyyahîn,Mustafa Refik Bey,,,,,,,,Ek liste: Te'lif ve terceme yoluyla son asır Osmanlı coğrafyacıları tarafından meydana getirilen başlıca eserler,,,,,,,,,,,"Bursalı Mehmed Tâhir, Osmanlı Müellifleri Eserinin 3. cild, Coğrafyacılar Faslı (numaralı eser listesi)","Listede 123. sırada yer almaktadır. Yazar metninde yalnızca kitap adı ve müellif adı verilmiş, ayrıntılı biyografik bilgi sunulmamıştır.",318
cografya_0141,,Asya Kumsallarında,Ahmed Rasim Bey,,,,,,,,Ek liste: Te'lif ve terceme yoluyla son asır Osmanlı coğrafyacıları tarafından meydana getirilen başlıca eserler,,,,,,,,,,,"Bursalı Mehmed Tâhir, Osmanlı Müellifleri Eserinin 3. cild, Coğrafyacılar Faslı (numaralı eser listesi)","Listede 124. sırada yer almaktadır. Yazar metninde yalnızca kitap adı ve müellif adı verilmiş, ayrıntılı biyografik bilgi sunulmamıştır.",318
cografya_0142,,Terceme-i Risale-i Sudan,Mehmed bin Ali,,,,,,,,Ek liste: Te'lif ve terceme yoluyla son asır Osmanlı coğrafyacıları tarafından meydana getirilen başlıca eserler,,,,,,,,,,,"Bursalı Mehmed Tâhir, Osmanlı Müellifleri Eserinin 3. cild, Coğrafyacılar Faslı (numaralı eser listesi)","Listede 125. sırada yer almaktadır. Yazar metninde yalnızca kitap adı ve müellif adı verilmiş, ayrıntılı biyografik bilgi sunulmamıştır.",318
cografya_0143,,Viyana Seyahatnamesi,Kâzım Bey,,,,,,,,Ek liste: Te'lif ve terceme yoluyla son asır Osmanlı coğrafyacıları tarafından meydana getirilen başlıca eserler,,,,,,,,,,,"Bursalı Mehmed Tâhir, Osmanlı Müellifleri Eserinin 3. cild, Coğrafyacılar Faslı (numaralı eser listesi)","Listede 126. sırada yer almaktadır. Yazar metninde yalnızca kitap adı ve müellif adı verilmiş, ayrıntılı biyografik bilgi sunulmamıştır.",318
cografya_0144,,Almanya Seyahatnamesi,Cevad Bey,,,,,,,,Ek liste: Te'lif ve terceme yoluyla son asır Osmanlı coğrafyacıları tarafından meydana getirilen başlıca eserler,,,,,,,,,,,"Bursalı Mehmed Tâhir, Osmanlı Müellifleri Eserinin 3. cild, Coğrafyacılar Faslı (numaralı eser listesi)","Listede 127. sırada yer almaktadır. Yazar metninde yalnızca kitap adı ve müellif adı verilmiş, ayrıntılı biyografik bilgi sunulmamıştır.",318
cografya_0145,,Felemenk Seyahatnamesi,Cevad Bey,,,,,,,,Ek liste: Te'lif ve terceme yoluyla son asır Osmanlı coğrafyacıları tarafından meydana getirilen başlıca eserler,,,,,,,,,,,"Bursalı Mehmed Tâhir, Osmanlı Müellifleri Eserinin 3. cild, Coğrafyacılar Faslı (numaralı eser listesi)","Listede 128. sırada yer almaktadır. Yazar metninde yalnızca kitap adı ve müellif adı verilmiş, ayrıntılı biyografik bilgi sunulmamıştır.",318
cografya_0146,,Moskova Seyahatnamesi,Kâzım Bey,,,,,,,,Ek liste: Te'lif ve terceme yoluyla son asır Osmanlı coğrafyacıları tarafından meydana getirilen başlıca eserler,,,,,,,,,,,"Bursalı Mehmed Tâhir, Osmanlı Müellifleri Eserinin 3. cild, Coğrafyacılar Faslı (numaralı eser listesi)","Listede 129. sırada yer almaktadır. Yazar metninde yalnızca kitap adı ve müellif adı verilmiş, ayrıntılı biyografik bilgi sunulmamıştır.",318
cografya_0147,,Arz-ı Filistin Seyahatnamesi,Erkân-ı Harb Re'fet Paşa,,,,,,,,Ek liste: Te'lif ve terceme yoluyla son asır Osmanlı coğrafyacıları tarafından meydana getirilen başlıca eserler,,,,,,,,,,,"Bursalı Mehmed Tâhir, Osmanlı Müellifleri Eserinin 3. cild, Coğrafyacılar Faslı (numaralı eser listesi)","Listede 130. sırada yer almaktadır. Yazar metninde yalnızca kitap adı ve müellif adı verilmiş, ayrıntılı biyografik bilgi sunulmamıştır.",318
cografya_0148,,Seyahatname-i Bahr-i Muhît,Seyyah Mühendis Faik B.,,,,,,,,Ek liste: Te'lif ve terceme yoluyla son asır Osmanlı coğrafyacıları tarafından meydana getirilen başlıca eserler,,,,,,,,,,,"Bursalı Mehmed Tâhir, Osmanlı Müellifleri Eserinin 3. cild, Coğrafyacılar Faslı (numaralı eser listesi)","Listede 131. sırada yer almaktadır. Yazar metninde yalnızca kitap adı ve müellif adı verilmiş, ayrıntılı biyografik bilgi sunulmamıştır.",318
cografya_0149,,Arusetü'd-Dünya,Mehmed Kâmil Efendi,,,,,,,,Ek liste: Te'lif ve terceme yoluyla son asır Osmanlı coğrafyacıları tarafından meydana getirilen başlıca eserler,,,,,,,,,,,"Bursalı Mehmed Tâhir, Osmanlı Müellifleri Eserinin 3. cild, Coğrafyacılar Faslı (numaralı eser listesi)","Listede 132. sırada yer almaktadır. Yazar metninde yalnızca kitap adı ve müellif adı verilmiş, ayrıntılı biyografik bilgi sunulmamıştır.",318
cografya_0150,,Yemen Seyahatnamesi,Abdüsselâm Efendi,,,,,,,,Ek liste: Te'lif ve terceme yoluyla son asır Osmanlı coğrafyacıları tarafından meydana getirilen başlıca eserler,,,,,,,,,,,"Bursalı Mehmed Tâhir, Osmanlı Müellifleri Eserinin 3. cild, Coğrafyacılar Faslı (numaralı eser listesi)","Listede 133. sırada yer almaktadır. Yazar metninde yalnızca kitap adı ve müellif adı verilmiş, ayrıntılı biyografik bilgi sunulmamıştır.",318
cografya_0151,,Mir'at-ı İstanbul,Reif Bey,,,,,,,,Ek liste: Te'lif ve terceme yoluyla son asır Osmanlı coğrafyacıları tarafından meydana getirilen başlıca eserler,,,,,,,,,,,"Bursalı Mehmed Tâhir, Osmanlı Müellifleri Eserinin 3. cild, Coğrafyacılar Faslı (numaralı eser listesi)","Listede 134. sırada yer almaktadır. Yazar metninde yalnızca kitap adı ve müellif adı verilmiş, ayrıntılı biyografik bilgi sunulmamıştır.",318
cografya_0152,,Musavver Bulgaristan,Ragıp Rıfkı Bey,,,,,,,,Ek liste: Te'lif ve terceme yoluyla son asır Osmanlı coğrafyacıları tarafından meydana getirilen başlıca eserler,,,,,,,,,,,"Bursalı Mehmed Tâhir, Osmanlı Müellifleri Eserinin 3. cild, Coğrafyacılar Faslı (numaralı eser listesi)","Listede 135. sırada yer almaktadır. Yazar metninde yalnızca kitap adı ve müellif adı verilmiş, ayrıntılı biyografik bilgi sunulmamıştır.",318
cografya_0153,,Büyük Coğrafya,Derviş Ziya Paşa,,,,,,,,Ek liste: Te'lif ve terceme yoluyla son asır Osmanlı coğrafyacıları tarafından meydana getirilen başlıca eserler,,,,,,,,,,,"Bursalı Mehmed Tâhir, Osmanlı Müellifleri Eserinin 3. cild, Coğrafyacılar Faslı (numaralı eser listesi)","Listede 136. sırada yer almaktadır. Yazar metninde yalnızca kitap adı ve müellif adı verilmiş, ayrıntılı biyografik bilgi sunulmamıştır.",318
cografya_0154,,Coğrafya-i İktisadî,Burhaneddin Bey,,,,,,,,Ek liste: Te'lif ve terceme yoluyla son asır Osmanlı coğrafyacıları tarafından meydana getirilen başlıca eserler,,,,,,,,,,,"Bursalı Mehmed Tâhir, Osmanlı Müellifleri Eserinin 3. cild, Coğrafyacılar Faslı (numaralı eser listesi)","Listede 137. sırada yer almaktadır. Yazar metninde yalnızca kitap adı ve müellif adı verilmiş, ayrıntılı biyografik bilgi sunulmamıştır.",318
cografya_0155,,Sudan Seyahatnamesi,Mehmed Mihri Bey,,,,,,,,Ek liste: Te'lif ve terceme yoluyla son asır Osmanlı coğrafyacıları tarafından meydana getirilen başlıca eserler,,,,,,,,,,,"Bursalı Mehmed Tâhir, Osmanlı Müellifleri Eserinin 3. cild, Coğrafyacılar Faslı (numaralı eser listesi)","Listede 138. sırada yer almaktadır. Yazar metninde yalnızca kitap adı ve müellif adı verilmiş, ayrıntılı biyografik bilgi sunulmamıştır.",318
cografya_0156,,Mufassal Coğrafya-i Umumî,Yusuf Hafit Bey,,,,,,,,Ek liste: Te'lif ve terceme yoluyla son asır Osmanlı coğrafyacıları tarafından meydana getirilen başlıca eserler,,,,,,,,,,,"Bursalı Mehmed Tâhir, Osmanlı Müellifleri Eserinin 3. cild, Coğrafyacılar Faslı (numaralı eser listesi)","Listede 139. sırada yer almaktadır. Yazar metninde yalnızca kitap adı ve müellif adı verilmiş, ayrıntılı biyografik bilgi sunulmamıştır.",318
cografya_0157,,Hulâsa-i Coğrafya-i Umumî,Osmanzâde H. Vassaf B.,,,,,,,,Ek liste: Te'lif ve terceme yoluyla son asır Osmanlı coğrafyacıları tarafından meydana getirilen başlıca eserler,,,,,,,,,,,"Bursalı Mehmed Tâhir, Osmanlı Müellifleri Eserinin 3. cild, Coğrafyacılar Faslı (numaralı eser listesi)","Listede 140. sırada yer almaktadır. Yazar metninde yalnızca kitap adı ve müellif adı verilmiş, ayrıntılı biyografik bilgi sunulmamıştır.",318
cografya_0158,,Bursa'dan Konya'ya Seyahat,Mehmed Ziya Bey,,,,,,,,Ek liste: Te'lif ve terceme yoluyla son asır Osmanlı coğrafyacıları tarafından meydana getirilen başlıca eserler,,,,,,,,,,,"Bursalı Mehmed Tâhir, Osmanlı Müellifleri Eserinin 3. cild, Coğrafyacılar Faslı (numaralı eser listesi)","Listede 141. sırada yer almaktadır. Yazar metninde yalnızca kitap adı ve müellif adı verilmiş, ayrıntılı biyografik bilgi sunulmamıştır.",318
cografya_0159,,Musavver Mısır Hâtıratı,Halid Ziyaeddin Bey,,,,,,,,Ek liste: Te'lif ve terceme yoluyla son asır Osmanlı coğrafyacıları tarafından meydana getirilen başlıca eserler,,,,,,,,,,,"Bursalı Mehmed Tâhir, Osmanlı Müellifleri Eserinin 3. cild, Coğrafyacılar Faslı (numaralı eser listesi)","Listede 142. sırada yer almaktadır. Yazar metninde yalnızca kitap adı ve müellif adı verilmiş, ayrıntılı biyografik bilgi sunulmamıştır.",318
cografya_0160,,Mufassal Coğrafya-i Umumî,Remzi Bey,,,,,,,,Ek liste: Te'lif ve terceme yoluyla son asır Osmanlı coğrafyacıları tarafından meydana getirilen başlıca eserler,,,,,,,,,,,"Bursalı Mehmed Tâhir, Osmanlı Müellifleri Eserinin 3. cild, Coğrafyacılar Faslı (numaralı eser listesi)","Listede 143. sırada yer almaktadır. Yazar metninde yalnızca kitap adı ve müellif adı verilmiş, ayrıntılı biyografik bilgi sunulmamıştır.",318
cografya_0161,,Seyahatü'l-Kübrâ,Süleyman Şükrü Bey,,,,,,,,Ek liste: Te'lif ve terceme yoluyla son asır Osmanlı coğrafyacıları tarafından meydana getirilen başlıca eserler,,,,,,,,,,,"Bursalı Mehmed Tâhir, Osmanlı Müellifleri Eserinin 3. cild, Coğrafyacılar Faslı (numaralı eser listesi)","Listede 144. sırada yer almaktadır. Yazar metninde yalnızca kitap adı ve müellif adı verilmiş, ayrıntılı biyografik bilgi sunulmamıştır.",318
cografya_0162,,Karadağ Coğrafyası,Ahmed Tevfik Paşa,,,,,,,,Ek liste: Te'lif ve terceme yoluyla son asır Osmanlı coğrafyacıları tarafından meydana getirilen başlıca eserler,,,,,,,,,,,"Bursalı Mehmed Tâhir, Osmanlı Müellifleri Eserinin 3. cild, Coğrafyacılar Faslı (numaralı eser listesi)","Listede 145. sırada yer almaktadır. Yazar metninde yalnızca kitap adı ve müellif adı verilmiş, ayrıntılı biyografik bilgi sunulmamıştır.",318
cografya_0163,,Coğrafya-i Tıbbî (Yanya Vilâyetine âit),Tabib Mustafa Ruhi Ef.,,,,,,,,Ek liste: Te'lif ve terceme yoluyla son asır Osmanlı coğrafyacıları tarafından meydana getirilen başlıca eserler,,,,,,,,,,,"Bursalı Mehmed Tâhir, Osmanlı Müellifleri Eserinin 3. cild, Coğrafyacılar Faslı (numaralı eser listesi)","Listede 146. sırada yer almaktadır. Yazar metninde yalnızca kitap adı ve müellif adı verilmiş, ayrıntılı biyografik bilgi sunulmamıştır.",318
cografya_0164,,Memalik-i Osmaniye Coğrafya-i İktisadîsi,Safvet Bey,,,,,,,,Ek liste: Te'lif ve terceme yoluyla son asır Osmanlı coğrafyacıları tarafından meydana getirilen başlıca eserler,,,,,,,,,,,"Bursalı Mehmed Tâhir, Osmanlı Müellifleri Eserinin 3. cild, Coğrafyacılar Faslı (numaralı eser listesi)","Listede 147. sırada yer almaktadır. Yazar metninde yalnızca kitap adı ve müellif adı verilmiş, ayrıntılı biyografik bilgi sunulmamıştır.",318
cografya_0165,,Seyahatname-i İbn-i Batuta Terc.,Dâmat Şerif Paşa,,,,,,,,Ek liste: Te'lif ve terceme yoluyla son asır Osmanlı coğrafyacıları tarafından meydana getirilen başlıca eserler,,,,,,,,,,,"Bursalı Mehmed Tâhir, Osmanlı Müellifleri Eserinin 3. cild, Coğrafyacılar Faslı (numaralı eser listesi)","Listede 148. sırada yer almaktadır. Yazar metninde yalnızca kitap adı ve müellif adı verilmiş, ayrıntılı biyografik bilgi sunulmamıştır.",318
cografya_0166,,İstanbul ve Boğaziçi,Mehmed Ziya Bey,,,,,,,,Ek liste: Te'lif ve terceme yoluyla son asır Osmanlı coğrafyacıları tarafından meydana getirilen başlıca eserler,,,,,,,,,,,"Bursalı Mehmed Tâhir, Osmanlı Müellifleri Eserinin 3. cild, Coğrafyacılar Faslı (numaralı eser listesi)","Listede 149. sırada yer almaktadır. Yazar metninde yalnızca kitap adı ve müellif adı verilmiş, ayrıntılı biyografik bilgi sunulmamıştır.",318
cografya_0167,,Medhal-i Tarih ve Coğrafya,Ahmed Midhat Efendi,,,,,,,,Ek liste: Te'lif ve terceme yoluyla son asır Osmanlı coğrafyacıları tarafından meydana getirilen başlıca eserler,,,,,,,,,,,"Bursalı Mehmed Tâhir, Osmanlı Müellifleri Eserinin 3. cild, Coğrafyacılar Faslı (numaralı eser listesi)","Listede 150. sırada yer almaktadır. Yazar metninde yalnızca kitap adı ve müellif adı verilmiş, ayrıntılı biyografik bilgi sunulmamıştır.",318
cografya_0168,,Edirne Rehnümâsı,Dr. Rıf'at Osman Bey,,,,,,,,Ek liste: Te'lif ve terceme yoluyla son asır Osmanlı coğrafyacıları tarafından meydana getirilen başlıca eserler,,,,,,,,,,,"Bursalı Mehmed Tâhir, Osmanlı Müellifleri Eserinin 3. cild, Coğrafyacılar Faslı (numaralı eser listesi)","Listede 151. sırada yer almaktadır. Yazar metninde yalnızca kitap adı ve müellif adı verilmiş, ayrıntılı biyografik bilgi sunulmamıştır.",318
cografya_0169,,Coğrafya'da İlk Adım,Faik Sabri Bey,,,,,,,,Ek liste: Te'lif ve terceme yoluyla son asır Osmanlı coğrafyacıları tarafından meydana getirilen başlıca eserler,,,,,,,,,,,"Bursalı Mehmed Tâhir, Osmanlı Müellifleri Eserinin 3. cild, Coğrafyacılar Faslı (numaralı eser listesi)","Listede 152. sırada yer almaktadır. Yazar metninde yalnızca kitap adı ve müellif adı verilmiş, ayrıntılı biyografik bilgi sunulmamıştır.",318
cografya_0170,,Coğrafya Kıraatları,Faik Sabri Bey,,,,,,,,Ek liste: Te'lif ve terceme yoluyla son asır Osmanlı coğrafyacıları tarafından meydana getirilen başlıca eserler,,,,,,,,,,,"Bursalı Mehmed Tâhir, Osmanlı Müellifleri Eserinin 3. cild, Coğrafyacılar Faslı (numaralı eser listesi)","Listede 153. sırada yer almaktadır. Yazar metninde yalnızca kitap adı ve müellif adı verilmiş, ayrıntılı biyografik bilgi sunulmamıştır.",318
cografya_0171,,Coğrafya Tedrisatı,Faik Sabri Bey,,,,,,,,Ek liste: Te'lif ve terceme yoluyla son asır Osmanlı coğrafyacıları tarafından meydana getirilen başlıca eserler,,,,,,,,,,,"Bursalı Mehmed Tâhir, Osmanlı Müellifleri Eserinin 3. cild, Coğrafyacılar Faslı (numaralı eser listesi)","Listede 154. sırada yer almaktadır. Yazar metninde yalnızca kitap adı ve müellif adı verilmiş, ayrıntılı biyografik bilgi sunulmamıştır.",319
cografya_0172,,Mir'at-ı Bursa,Hasan Taib Efendi,,,,,,,,Ek liste: Te'lif ve terceme yoluyla son asır Osmanlı coğrafyacıları tarafından meydana getirilen başlıca eserler,,,,,,,,,,,"Bursalı Mehmed Tâhir, Osmanlı Müellifleri Eserinin 3. cild, Coğrafyacılar Faslı (numaralı eser listesi)","Listede 155. sırada yer almaktadır. Yazar metninde yalnızca kitap adı ve müellif adı verilmiş, ayrıntılı biyografik bilgi sunulmamıştır.",319
cografya_0173,,Musavver Hindistan Seyahatnamesi,Tevfik Efendi,,,,,,,,Ek liste: Te'lif ve terceme yoluyla son asır Osmanlı coğrafyacıları tarafından meydana getirilen başlıca eserler,,,,,,,,,,,"Bursalı Mehmed Tâhir, Osmanlı Müellifleri Eserinin 3. cild, Coğrafyacılar Faslı (numaralı eser listesi)","Listede 156. sırada yer almaktadır. Yazar metninde yalnızca kitap adı ve müellif adı verilmiş, ayrıntılı biyografik bilgi sunulmamıştır.",319
cografya_0174,,Coğrafya,Azmî Bey,,,,,,,,Ek liste: Te'lif ve terceme yoluyla son asır Osmanlı coğrafyacıları tarafından meydana getirilen başlıca eserler,,,,,,,,,,,"Bursalı Mehmed Tâhir, Osmanlı Müellifleri Eserinin 3. cild, Coğrafyacılar Faslı (numaralı eser listesi)","Listede 157. sırada yer almaktadır. Yazar metninde yalnızca kitap adı ve müellif adı verilmiş, ayrıntılı biyografik bilgi sunulmamıştır.",319
cografya_0175,,Yemen ve Hayat,Hasan Kadri Bey,,,,,,,,Ek liste: Te'lif ve terceme yoluyla son asır Osmanlı coğrafyacıları tarafından meydana getirilen başlıca eserler,,,,,,,,,,,"Bursalı Mehmed Tâhir, Osmanlı Müellifleri Eserinin 3. cild, Coğrafyacılar Faslı (numaralı eser listesi)","Listede 158. sırada yer almaktadır. Yazar metninde yalnızca kitap adı ve müellif adı verilmiş, ayrıntılı biyografik bilgi sunulmamıştır.",319
cografya_0176,,Seyahatlerim,Ali Suat Bey,,,,,,,,Ek liste: Te'lif ve terceme yoluyla son asır Osmanlı coğrafyacıları tarafından meydana getirilen başlıca eserler,,,,,,,,,,,"Bursalı Mehmed Tâhir, Osmanlı Müellifleri Eserinin 3. cild, Coğrafyacılar Faslı (numaralı eser listesi)","Listede 159. sırada yer almaktadır. Yazar metninde yalnızca kitap adı ve müellif adı verilmiş, ayrıntılı biyografik bilgi sunulmamıştır.",319
cografya_0177,,Mufassal ve Yeni Coğrafya-i Umumî,Memduh Süleyman Bey,,,,,,,,Ek liste: Te'lif ve terceme yoluyla son asır Osmanlı coğrafyacıları tarafından meydana getirilen başlıca eserler,,,,,,,,,,,"Bursalı Mehmed Tâhir, Osmanlı Müellifleri Eserinin 3. cild, Coğrafyacılar Faslı (numaralı eser listesi)","Listede 160. sırada yer almaktadır. Yazar metninde yalnızca kitap adı ve müellif adı verilmiş, ayrıntılı biyografik bilgi sunulmamıştır.",319
cografya_0178,,Mir'âtü'l-Yemen,Zühdü Bey,,,,,,,,Ek liste: Te'lif ve terceme yoluyla son asır Osmanlı coğrafyacıları tarafından meydana getirilen başlıca eserler,,,,,,,,,,,"Bursalı Mehmed Tâhir, Osmanlı Müellifleri Eserinin 3. cild, Coğrafyacılar Faslı (numaralı eser listesi)","Listede 161. sırada yer almaktadır. Yazar metninde yalnızca kitap adı ve müellif adı verilmiş, ayrıntılı biyografik bilgi sunulmamıştır.",319
cografya_0179,,Kutup Musahabeleri,Celâl Nuri Bey,,,,,,,,Ek liste: Te'lif ve terceme yoluyla son asır Osmanlı coğrafyacıları tarafından meydana getirilen başlıca eserler,,,,,,,,,,,"Bursalı Mehmed Tâhir, Osmanlı Müellifleri Eserinin 3. cild, Coğrafyacılar Faslı (numaralı eser listesi)","Listede 162. sırada yer almaktadır. Yazar metninde yalnızca kitap adı ve müellif adı verilmiş, ayrıntılı biyografik bilgi sunulmamıştır.",319
cografya_0180,,Karadağ,Bahriyeden Kâmil Efendi,,,,,,,,Ek liste: Te'lif ve terceme yoluyla son asır Osmanlı coğrafyacıları tarafından meydana getirilen başlıca eserler,,,,,,,,,,,"Bursalı Mehmed Tâhir, Osmanlı Müellifleri Eserinin 3. cild, Coğrafyacılar Faslı (numaralı eser listesi)","Listede 163. sırada yer almaktadır. Yazar metninde yalnızca kitap adı ve müellif adı verilmiş, ayrıntılı biyografik bilgi sunulmamıştır.",319
cografya_0181,,Coğrafya Tarihi,Celâl Nuri Bey,,,,,,,,Ek liste: Te'lif ve terceme yoluyla son asır Osmanlı coğrafyacıları tarafından meydana getirilen başlıca eserler,,,,,,,,,,,"Bursalı Mehmed Tâhir, Osmanlı Müellifleri Eserinin 3. cild, Coğrafyacılar Faslı (numaralı eser listesi)","Listede 164. sırada yer almaktadır. Yazar metninde yalnızca kitap adı ve müellif adı verilmiş, ayrıntılı biyografik bilgi sunulmamıştır.",319
cografya_0182,,Mülk-i Rûm,Celâl Nuri Bey,,,,,,,,Ek liste: Te'lif ve terceme yoluyla son asır Osmanlı coğrafyacıları tarafından meydana getirilen başlıca eserler,,,,,,,,,,,"Bursalı Mehmed Tâhir, Osmanlı Müellifleri Eserinin 3. cild, Coğrafyacılar Faslı (numaralı eser listesi)","Listede 165. sırada yer almaktadır. Yazar metninde yalnızca kitap adı ve müellif adı verilmiş, ayrıntılı biyografik bilgi sunulmamıştır.",319
cografya_0183,,Miftah-ı Yemen,Memduh Paşa,,,,,,,,Ek liste: Te'lif ve terceme yoluyla son asır Osmanlı coğrafyacıları tarafından meydana getirilen başlıca eserler,,,,,,,,,,,"Bursalı Mehmed Tâhir, Osmanlı Müellifleri Eserinin 3. cild, Coğrafyacılar Faslı (numaralı eser listesi)","Listede 166. sırada yer almaktadır. Yazar metninde yalnızca kitap adı ve müellif adı verilmiş, ayrıntılı biyografik bilgi sunulmamıştır.",319
cografya_0184,,Vatan-ı Mukaddes,Behram Münir Bey,,,,,,,,Ek liste: Te'lif ve terceme yoluyla son asır Osmanlı coğrafyacıları tarafından meydana getirilen başlıca eserler,,,,,,,,,,,"Bursalı Mehmed Tâhir, Osmanlı Müellifleri Eserinin 3. cild, Coğrafyacılar Faslı (numaralı eser listesi)","Listede 167. sırada yer almaktadır. Yazar metninde yalnızca kitap adı ve müellif adı verilmiş, ayrıntılı biyografik bilgi sunulmamıştır.",319
cografya_0185,,Memalik-i Osmaniye Coğrafyası,Behram Münir Bey,,,,,,,,Ek liste: Te'lif ve terceme yoluyla son asır Osmanlı coğrafyacıları tarafından meydana getirilen başlıca eserler,,,,,,,,,,,"Bursalı Mehmed Tâhir, Osmanlı Müellifleri Eserinin 3. cild, Coğrafyacılar Faslı (numaralı eser listesi)","Listede 168. sırada yer almaktadır. Yazar metninde yalnızca kitap adı ve müellif adı verilmiş, ayrıntılı biyografik bilgi sunulmamıştır.",319
cografya_0186,,Anadolu'da Tanîn,Şerif Bey,,,,,,,,Ek liste: Te'lif ve terceme yoluyla son asır Osmanlı coğrafyacıları tarafından meydana getirilen başlıca eserler,,,,,,,,,,,"Bursalı Mehmed Tâhir, Osmanlı Müellifleri Eserinin 3. cild, Coğrafyacılar Faslı (numaralı eser listesi)","Listede 169. sırada yer almaktadır. Yazar metninde yalnızca kitap adı ve müellif adı verilmiş, ayrıntılı biyografik bilgi sunulmamıştır.",319
cografya_0187,,Coğrafya Dersleri,Abdurrahman Bey,,,,,,,,Ek liste: Te'lif ve terceme yoluyla son asır Osmanlı coğrafyacıları tarafından meydana getirilen başlıca eserler,,,,,,,,,,,"Bursalı Mehmed Tâhir, Osmanlı Müellifleri Eserinin 3. cild, Coğrafyacılar Faslı (numaralı eser listesi)","Listede 170. sırada yer almaktadır. Yazar metninde yalnızca kitap adı ve müellif adı verilmiş, ayrıntılı biyografik bilgi sunulmamıştır.",319
cografya_0188,,Coğrafya-i Umumî,Fazlı Necib Bey,,,,,,,,Ek liste: Te'lif ve terceme yoluyla son asır Osmanlı coğrafyacıları tarafından meydana getirilen başlıca eserler,,,,,,,,,,,"Bursalı Mehmed Tâhir, Osmanlı Müellifleri Eserinin 3. cild, Coğrafyacılar Faslı (numaralı eser listesi)","Listede 171. sırada yer almaktadır. Yazar metninde yalnızca kitap adı ve müellif adı verilmiş, ayrıntılı biyografik bilgi sunulmamıştır.",319
cografya_0189,,Haritalı ve Musavver Coğrafya-i Umumî,İbni'n-Nüzhet Cevad Bey,,,,,,,,Ek liste: Te'lif ve terceme yoluyla son asır Osmanlı coğrafyacıları tarafından meydana getirilen başlıca eserler,,,,,,,,,,,"Bursalı Mehmed Tâhir, Osmanlı Müellifleri Eserinin 3. cild, Coğrafyacılar Faslı (numaralı eser listesi)","Listede 172. sırada yer almaktadır. Yazar metninde yalnızca kitap adı ve müellif adı verilmiş, ayrıntılı biyografik bilgi sunulmamıştır.",319
cografya_0190,,Osmanlı Coğrafya-i İktisadîsi,Faik Sabri Bey,,,,,,,,Ek liste: Te'lif ve terceme yoluyla son asır Osmanlı coğrafyacıları tarafından meydana getirilen başlıca eserler,,,,,,,,,,,"Bursalı Mehmed Tâhir, Osmanlı Müellifleri Eserinin 3. cild, Coğrafyacılar Faslı (numaralı eser listesi)","Listede 173. sırada yer almaktadır. Yazar metninde yalnızca kitap adı ve müellif adı verilmiş, ayrıntılı biyografik bilgi sunulmamıştır.",319
