objectid,eser_adi,muellif_adi,cild_adedi,sayfa_no,ilave_notlar,kaynak
haltercemesi_0001,Mir'âtü'l-Fevâid,Diyarbekirli Ali Emîri Efendi,,182,Yazma.,"Bursalı Mehmed Tâhir, Osmanlı Müellifleri Eserinin 3. cild, Tarihçiler Faslı - İsimleri Muhtelif Fasıllarda Zikr Edilmeyen Hal Tercemesi Kitabları"
haltercemesi_0002,Şair Hanımlarımız,Hacı Bey Zâde Muhtar Bey,,182,,"Bursalı Mehmed Tâhir, Osmanlı Müellifleri Eserinin 3. cild, Tarihçiler Faslı - İsimleri Muhtelif Fasıllarda Zikr Edilmeyen Hal Tercemesi Kitabları"
haltercemesi_0003,Nâmdârân-ı Zenân-ı İslâmiyân,Fatma Aliyye Hanım,,182,,"Bursalı Mehmed Tâhir, Osmanlı Müellifleri Eserinin 3. cild, Tarihçiler Faslı - İsimleri Muhtelif Fasıllarda Zikr Edilmeyen Hal Tercemesi Kitabları"
haltercemesi_0004,Ezatîz-i İlhan,Raûf Yektâ Bey,,182,,"Bursalı Mehmed Tâhir, Osmanlı Müellifleri Eserinin 3. cild, Tarihçiler Faslı - İsimleri Muhtelif Fasıllarda Zikr Edilmeyen Hal Tercemesi Kitabları"
haltercemesi_0005,Turgut Reis,Ali Rıza Seyfi Bey,,182,,"Bursalı Mehmed Tâhir, Osmanlı Müellifleri Eserinin 3. cild, Tarihçiler Faslı - İsimleri Muhtelif Fasıllarda Zikr Edilmeyen Hal Tercemesi Kitabları"
haltercemesi_0006,"Terceme-i Hâl-i Mimar Sinan, Tezkiretü'l-Bünyân",Nakkaş Saî,,182,,"Bursalı Mehmed Tâhir, Osmanlı Müellifleri Eserinin 3. cild, Tarihçiler Faslı - İsimleri Muhtelif Fasıllarda Zikr Edilmeyen Hal Tercemesi Kitabları"
haltercemesi_0007,Menâkıb-ı Hazret-i Mısrî,Mustafa Lütfü Efendi,,182,,"Bursalı Mehmed Tâhir, Osmanlı Müellifleri Eserinin 3. cild, Tarihçiler Faslı - İsimleri Muhtelif Fasıllarda Zikr Edilmeyen Hal Tercemesi Kitabları"
haltercemesi_0008,Mecdü't-Tâlid fî Menâkıb-ı Mevlânâ Hâlid,Yenişehirli Mahmud Hamdî Efendi,,182,,"Bursalı Mehmed Tâhir, Osmanlı Müellifleri Eserinin 3. cild, Tarihçiler Faslı - İsimleri Muhtelif Fasıllarda Zikr Edilmeyen Hal Tercemesi Kitabları"
haltercemesi_0009,Menâkıb-ı Eşref-zâde-i Rumî,Bursalı Hayrî Efendi,,182,,"Bursalı Mehmed Tâhir, Osmanlı Müellifleri Eserinin 3. cild, Tarihçiler Faslı - İsimleri Muhtelif Fasıllarda Zikr Edilmeyen Hal Tercemesi Kitabları"
haltercemesi_0010,Menâkıb-ı İmâm-ı Şâfiî,İbrahim Rıf'at Efendi,,182,,"Bursalı Mehmed Tâhir, Osmanlı Müellifleri Eserinin 3. cild, Tarihçiler Faslı - İsimleri Muhtelif Fasıllarda Zikr Edilmeyen Hal Tercemesi Kitabları"
haltercemesi_0011,Sa'd İbn-i Ebî Vakkas,İbrahim Rıf'at Efendi,,182,,"Bursalı Mehmed Tâhir, Osmanlı Müellifleri Eserinin 3. cild, Tarihçiler Faslı - İsimleri Muhtelif Fasıllarda Zikr Edilmeyen Hal Tercemesi Kitabları"
haltercemesi_0012,Hâlid ibn-i Velîd,İbrahim Rıf'at Efendi,,182,,"Bursalı Mehmed Tâhir, Osmanlı Müellifleri Eserinin 3. cild, Tarihçiler Faslı - İsimleri Muhtelif Fasıllarda Zikr Edilmeyen Hal Tercemesi Kitabları"
haltercemesi_0013,Menâkıb-ı Akşemseddîn,Şeyh Emîr Hüseyin Efendi,,182,,"Bursalı Mehmed Tâhir, Osmanlı Müellifleri Eserinin 3. cild, Tarihçiler Faslı - İsimleri Muhtelif Fasıllarda Zikr Edilmeyen Hal Tercemesi Kitabları"
haltercemesi_0014,Evsaf-ı Şeş Ebrâr,Süleyman Bey,,182,,"Bursalı Mehmed Tâhir, Osmanlı Müellifleri Eserinin 3. cild, Tarihçiler Faslı - İsimleri Muhtelif Fasıllarda Zikr Edilmeyen Hal Tercemesi Kitabları"
haltercemesi_0015,Tenşîtü'l-Hâtır fî Menâkıb-ı Abdü'l-Kadir-i Geylânî,Türk-zâde Ziyaeddin Efendi,,182,,"Bursalı Mehmed Tâhir, Osmanlı Müellifleri Eserinin 3. cild, Tarihçiler Faslı - İsimleri Muhtelif Fasıllarda Zikr Edilmeyen Hal Tercemesi Kitabları"
haltercemesi_0016,Muallim Naci,Salâhî Bey,,182,,"Bursalı Mehmed Tâhir, Osmanlı Müellifleri Eserinin 3. cild, Tarihçiler Faslı - İsimleri Muhtelif Fasıllarda Zikr Edilmeyen Hal Tercemesi Kitabları"
haltercemesi_0017,Regaibu'l-Menâkıb — Menâkıb-ı Sadreddîn-i Konevî,Hacı Mehmed Emîn Dede,,182,Sene: 1006 (1597).,"Bursalı Mehmed Tâhir, Osmanlı Müellifleri Eserinin 3. cild, Tarihçiler Faslı - İsimleri Muhtelif Fasıllarda Zikr Edilmeyen Hal Tercemesi Kitabları"
haltercemesi_0018,Râzî,Zühdî Bey,,182,,"Bursalı Mehmed Tâhir, Osmanlı Müellifleri Eserinin 3. cild, Tarihçiler Faslı - İsimleri Muhtelif Fasıllarda Zikr Edilmeyen Hal Tercemesi Kitabları"
haltercemesi_0019,Ashab-ı Tabakat-ı Seb'a,Abdülganî Sünnî Bey,,182,,"Bursalı Mehmed Tâhir, Osmanlı Müellifleri Eserinin 3. cild, Tarihçiler Faslı - İsimleri Muhtelif Fasıllarda Zikr Edilmeyen Hal Tercemesi Kitabları"
haltercemesi_0020,Mirabo ve Sofî,Leskovikli Hayreddin Bey,,182,,"Bursalı Mehmed Tâhir, Osmanlı Müellifleri Eserinin 3. cild, Tarihçiler Faslı - İsimleri Muhtelif Fasıllarda Zikr Edilmeyen Hal Tercemesi Kitabları"
haltercemesi_0021,Musavver Meşâhîr-i Seyyahîn,Mehmed Ekrem Bey,,182,,"Bursalı Mehmed Tâhir, Osmanlı Müellifleri Eserinin 3. cild, Tarihçiler Faslı - İsimleri Muhtelif Fasıllarda Zikr Edilmeyen Hal Tercemesi Kitabları"
haltercemesi_0022,Câmiu'l-Maârif,,,182,Yazma. Meşâyih ve sairenin menkıbelerinden bahsetmektedir.,"Bursalı Mehmed Tâhir, Osmanlı Müellifleri Eserinin 3. cild, Tarihçiler Faslı - İsimleri Muhtelif Fasıllarda Zikr Edilmeyen Hal Tercemesi Kitabları"
haltercemesi_0023,Menâkıb-ı Şeyh İbrahim Gülşenî,Salâhaddin Mevlevî,,182,Yazma.,"Bursalı Mehmed Tâhir, Osmanlı Müellifleri Eserinin 3. cild, Tarihçiler Faslı - İsimleri Muhtelif Fasıllarda Zikr Edilmeyen Hal Tercemesi Kitabları"
haltercemesi_0024,Ebû Ubeydetü'bnü'l-Cerrah,İbrahim Rıf'at Efendi,,182,,"Bursalı Mehmed Tâhir, Osmanlı Müellifleri Eserinin 3. cild, Tarihçiler Faslı - İsimleri Muhtelif Fasıllarda Zikr Edilmeyen Hal Tercemesi Kitabları"
haltercemesi_0025,Menâkıb-ı Şeyh İbrahim Gülşenî,Sirozlu Şeyh İlhamî,,182,Yazma.,"Bursalı Mehmed Tâhir, Osmanlı Müellifleri Eserinin 3. cild, Tarihçiler Faslı - İsimleri Muhtelif Fasıllarda Zikr Edilmeyen Hal Tercemesi Kitabları"
haltercemesi_0026,"Muasır Şairlerimiz, Osmanlı Meşâhir-i Üdebâsı, Muallim Naci Efendi",İsmail Hakkı Bey,,182,,"Bursalı Mehmed Tâhir, Osmanlı Müellifleri Eserinin 3. cild, Tarihçiler Faslı - İsimleri Muhtelif Fasıllarda Zikr Edilmeyen Hal Tercemesi Kitabları"
haltercemesi_0027,Terâcüm-i Ahvâl-i Meşâhîr Tercemesi,Yusuf Bahaeddin Efendi,,182,,"Bursalı Mehmed Tâhir, Osmanlı Müellifleri Eserinin 3. cild, Tarihçiler Faslı - İsimleri Muhtelif Fasıllarda Zikr Edilmeyen Hal Tercemesi Kitabları"
haltercemesi_0028,Terâcüm-i Ahvâl-i Evliyâ,Salim Saim Bey,,182,,"Bursalı Mehmed Tâhir, Osmanlı Müellifleri Eserinin 3. cild, Tarihçiler Faslı - İsimleri Muhtelif Fasıllarda Zikr Edilmeyen Hal Tercemesi Kitabları"
haltercemesi_0029,Tufeylî,Ahmed Halis Dede,,183,Yazma.,"Bursalı Mehmed Tâhir, Osmanlı Müellifleri Eserinin 3. cild, Tarihçiler Faslı - İsimleri Muhtelif Fasıllarda Zikr Edilmeyen Hal Tercemesi Kitabları"
haltercemesi_0030,Mir'âtü't-Turûk,Bandırmalı-Zâde Münib Efendi,,183,,"Bursalı Mehmed Tâhir, Osmanlı Müellifleri Eserinin 3. cild, Tarihçiler Faslı - İsimleri Muhtelif Fasıllarda Zikr Edilmeyen Hal Tercemesi Kitabları"
haltercemesi_0031,İbn-i Sînâ,Maraşlı Mustafa Kâmil Bey,,183,,"Bursalı Mehmed Tâhir, Osmanlı Müellifleri Eserinin 3. cild, Tarihçiler Faslı - İsimleri Muhtelif Fasıllarda Zikr Edilmeyen Hal Tercemesi Kitabları"
haltercemesi_0032,Menâkıb-ı Beşiktaşî Yahya Efendi,Mehmed Nûri Efendi,,183,,"Bursalı Mehmed Tâhir, Osmanlı Müellifleri Eserinin 3. cild, Tarihçiler Faslı - İsimleri Muhtelif Fasıllarda Zikr Edilmeyen Hal Tercemesi Kitabları"
haltercemesi_0033,Menâkıb-ı Veliyyâtün-Nisâ — Hikâye-i Râbia-i Adeviyye,Emine Câvid Hanım,,183,,"Bursalı Mehmed Tâhir, Osmanlı Müellifleri Eserinin 3. cild, Tarihçiler Faslı - İsimleri Muhtelif Fasıllarda Zikr Edilmeyen Hal Tercemesi Kitabları"
haltercemesi_0034,Muharrir Kadınlar,A'van-zâde Süleyman Bey,,183,,"Bursalı Mehmed Tâhir, Osmanlı Müellifleri Eserinin 3. cild, Tarihçiler Faslı - İsimleri Muhtelif Fasıllarda Zikr Edilmeyen Hal Tercemesi Kitabları"
haltercemesi_0035,İslâm Hanımları,Nazım Bey,,183,,"Bursalı Mehmed Tâhir, Osmanlı Müellifleri Eserinin 3. cild, Tarihçiler Faslı - İsimleri Muhtelif Fasıllarda Zikr Edilmeyen Hal Tercemesi Kitabları"
haltercemesi_0036,Ceymis Kok,Hasan Celâleddin Bey,,183,,"Bursalı Mehmed Tâhir, Osmanlı Müellifleri Eserinin 3. cild, Tarihçiler Faslı - İsimleri Muhtelif Fasıllarda Zikr Edilmeyen Hal Tercemesi Kitabları"
haltercemesi_0037,Menâkıb-ı Ulemâ,Mehmed Çelebi,,183,Yazma.,"Bursalı Mehmed Tâhir, Osmanlı Müellifleri Eserinin 3. cild, Tarihçiler Faslı - İsimleri Muhtelif Fasıllarda Zikr Edilmeyen Hal Tercemesi Kitabları"
haltercemesi_0038,Plevne Kahramanı Gazi Osman Paşa,Osman Senâî Bey,,183,,"Bursalı Mehmed Tâhir, Osmanlı Müellifleri Eserinin 3. cild, Tarihçiler Faslı - İsimleri Muhtelif Fasıllarda Zikr Edilmeyen Hal Tercemesi Kitabları"
haltercemesi_0039,Ahvâl-i Mahmud Paşa-i Velî,,,183,Müellif adı kitapta belirtilmemiş.,"Bursalı Mehmed Tâhir, Osmanlı Müellifleri Eserinin 3. cild, Tarihçiler Faslı - İsimleri Muhtelif Fasıllarda Zikr Edilmeyen Hal Tercemesi Kitabları"
haltercemesi_0040,Mihmandâr-ı Risalet-penâhî - Ebâ Eyyûb Ensarî,İbnü'l-Cemâl: Ahmed Tevfik Bey,,183,,"Bursalı Mehmed Tâhir, Osmanlı Müellifleri Eserinin 3. cild, Tarihçiler Faslı - İsimleri Muhtelif Fasıllarda Zikr Edilmeyen Hal Tercemesi Kitabları"
haltercemesi_0041,Davit Liyonestori,Mehmed Ekrem Bey,,183,,"Bursalı Mehmed Tâhir, Osmanlı Müellifleri Eserinin 3. cild, Tarihçiler Faslı - İsimleri Muhtelif Fasıllarda Zikr Edilmeyen Hal Tercemesi Kitabları"
haltercemesi_0042,Mir'ât-ı Muhammediye ve Menâkıb-ı Ahmediye,Yusuf Ziya Yozgadi,,183,,"Bursalı Mehmed Tâhir, Osmanlı Müellifleri Eserinin 3. cild, Tarihçiler Faslı - İsimleri Muhtelif Fasıllarda Zikr Edilmeyen Hal Tercemesi Kitabları"
haltercemesi_0043,Fransa'nın Asr-ı Hâzır Muharrirleri,Emîn Bey,,183,,"Bursalı Mehmed Tâhir, Osmanlı Müellifleri Eserinin 3. cild, Tarihçiler Faslı - İsimleri Muhtelif Fasıllarda Zikr Edilmeyen Hal Tercemesi Kitabları"
haltercemesi_0044,Tahassür,Zühdî Bey,,183,,"Bursalı Mehmed Tâhir, Osmanlı Müellifleri Eserinin 3. cild, Tarihçiler Faslı - İsimleri Muhtelif Fasıllarda Zikr Edilmeyen Hal Tercemesi Kitabları"
haltercemesi_0045,İmam-ı A'zam ve Eimme-i Selâse,İbrahim Rıf'at Efendi,,183,,"Bursalı Mehmed Tâhir, Osmanlı Müellifleri Eserinin 3. cild, Tarihçiler Faslı - İsimleri Muhtelif Fasıllarda Zikr Edilmeyen Hal Tercemesi Kitabları"
haltercemesi_0046,Zübde-i Vekayi'i Nübüvvet ve Fezâil-i Ahyâr-ı Ümmet,Mustafa Rıza Efendi,,183,,"Bursalı Mehmed Tâhir, Osmanlı Müellifleri Eserinin 3. cild, Tarihçiler Faslı - İsimleri Muhtelif Fasıllarda Zikr Edilmeyen Hal Tercemesi Kitabları"
haltercemesi_0047,Franklin,Fahrî Bey,,183,,"Bursalı Mehmed Tâhir, Osmanlı Müellifleri Eserinin 3. cild, Tarihçiler Faslı - İsimleri Muhtelif Fasıllarda Zikr Edilmeyen Hal Tercemesi Kitabları"
haltercemesi_0048,Jan Fransuva Dö La Proz,Hasan Celâleddin Bey,,183,,"Bursalı Mehmed Tâhir, Osmanlı Müellifleri Eserinin 3. cild, Tarihçiler Faslı - İsimleri Muhtelif Fasıllarda Zikr Edilmeyen Hal Tercemesi Kitabları"
haltercemesi_0049,Esmâr-ı Esrâr,Mehmed Sâmi Bey,,183,,"Bursalı Mehmed Tâhir, Osmanlı Müellifleri Eserinin 3. cild, Tarihçiler Faslı - İsimleri Muhtelif Fasıllarda Zikr Edilmeyen Hal Tercemesi Kitabları"
haltercemesi_0050,Meşâhir-i Ashab-ı Güzîn ve Terâcüm-i Ahvâl-i Fukahâ,İbrahim Rıf'at Efendi,,183,,"Bursalı Mehmed Tâhir, Osmanlı Müellifleri Eserinin 3. cild, Tarihçiler Faslı - İsimleri Muhtelif Fasıllarda Zikr Edilmeyen Hal Tercemesi Kitabları"
haltercemesi_0051,Risale-i Mi'mariye Terceme-i Hâl-i Mimar Mehmed Ağa Der Zaman-ı Sultan Ahmed Hân-ı Evvel,Ca'fer Efendi,,183,Yazma.,"Bursalı Mehmed Tâhir, Osmanlı Müellifleri Eserinin 3. cild, Tarihçiler Faslı - İsimleri Muhtelif Fasıllarda Zikr Edilmeyen Hal Tercemesi Kitabları"
haltercemesi_0052,İbn-i Haldun,Cemil Zeki Bey,,183,,"Bursalı Mehmed Tâhir, Osmanlı Müellifleri Eserinin 3. cild, Tarihçiler Faslı - İsimleri Muhtelif Fasıllarda Zikr Edilmeyen Hal Tercemesi Kitabları"
haltercemesi_0053,Meşhur Osmanlı Kumandanları,Ahmed Refik Bey,,183,,"Bursalı Mehmed Tâhir, Osmanlı Müellifleri Eserinin 3. cild, Tarihçiler Faslı - İsimleri Muhtelif Fasıllarda Zikr Edilmeyen Hal Tercemesi Kitabları"
haltercemesi_0054,Bedi'uz-Zaman Hemedânî,Zeki Me'ğâmiz Efendi,,183,,"Bursalı Mehmed Tâhir, Osmanlı Müellifleri Eserinin 3. cild, Tarihçiler Faslı - İsimleri Muhtelif Fasıllarda Zikr Edilmeyen Hal Tercemesi Kitabları"
haltercemesi_0055,İ'lâmü Tebsıretü'l-Enâm — Arabî Tabakatü'r-Ricâl,Kadı-zâde Tilmizi İbrahim Efendi,,183,Yazma. 1118 (1706) Ve'l-Ensâb-ı ve'l-eshâbı ve'n-Nisâî.,"Bursalı Mehmed Tâhir, Osmanlı Müellifleri Eserinin 3. cild, Tarihçiler Faslı - İsimleri Muhtelif Fasıllarda Zikr Edilmeyen Hal Tercemesi Kitabları"
haltercemesi_0056,Hikâyât-ı İbn-i Sînâ,Derviş Hasan Medhî,,183,Yazma. Üçüncü Sultan Murad asrında.,"Bursalı Mehmed Tâhir, Osmanlı Müellifleri Eserinin 3. cild, Tarihçiler Faslı - İsimleri Muhtelif Fasıllarda Zikr Edilmeyen Hal Tercemesi Kitabları"
haltercemesi_0057,Terceme-i Hâl ve Hikâyât-ı İbn-i Sînâ,Kadı Ziyaeddin Seyyid Yahya,,183,1039 (1630).,"Bursalı Mehmed Tâhir, Osmanlı Müellifleri Eserinin 3. cild, Tarihçiler Faslı - İsimleri Muhtelif Fasıllarda Zikr Edilmeyen Hal Tercemesi Kitabları"
haltercemesi_0058,Tezkire-yi Makamat - Çorum Vefeyât-ı Meşâhiri,İzzet Efendi,,183,,"Bursalı Mehmed Tâhir, Osmanlı Müellifleri Eserinin 3. cild, Tarihçiler Faslı - İsimleri Muhtelif Fasıllarda Zikr Edilmeyen Hal Tercemesi Kitabları"
haltercemesi_0059,Cevâhirü'l-Menâkıb,Şefik Efendi,,183,,"Bursalı Mehmed Tâhir, Osmanlı Müellifleri Eserinin 3. cild, Tarihçiler Faslı - İsimleri Muhtelif Fasıllarda Zikr Edilmeyen Hal Tercemesi Kitabları"
haltercemesi_0060,İbni Esirler ve Meşâhîr-i Ulemâ,Mehmed Şerefeddîn Efendi,,184,,"Bursalı Mehmed Tâhir, Osmanlı Müellifleri Eserinin 3. cild, Tarihçiler Faslı - İsimleri Muhtelif Fasıllarda Zikr Edilmeyen Hal Tercemesi Kitabları"
haltercemesi_0061,Osmanlılar,Mehmed Selâhaddin Bey,,184,,"Bursalı Mehmed Tâhir, Osmanlı Müellifleri Eserinin 3. cild, Tarihçiler Faslı - İsimleri Muhtelif Fasıllarda Zikr Edilmeyen Hal Tercemesi Kitabları"
haltercemesi_0062,Menâkıb-ı Şeyh Nasuhî-yi Halvetî,Senâî,,184,Yazma.,"Bursalı Mehmed Tâhir, Osmanlı Müellifleri Eserinin 3. cild, Tarihçiler Faslı - İsimleri Muhtelif Fasıllarda Zikr Edilmeyen Hal Tercemesi Kitabları"
haltercemesi_0063,Mir'ât-ı Mekteb-i Tıbbiye,Doktor Rıza Tahsîn Bey,,184,,"Bursalı Mehmed Tâhir, Osmanlı Müellifleri Eserinin 3. cild, Tarihçiler Faslı - İsimleri Muhtelif Fasıllarda Zikr Edilmeyen Hal Tercemesi Kitabları"
haltercemesi_0064,Müverrihîn-i Osmaniyeden Âli ve Kâtib Çelebi'nin Terceme-i Hâlleri,Bursalı Mehmed Tahir,,184,,"Bursalı Mehmed Tâhir, Osmanlı Müellifleri Eserinin 3. cild, Tarihçiler Faslı - İsimleri Muhtelif Fasıllarda Zikr Edilmeyen Hal Tercemesi Kitabları"
haltercemesi_0065,"Hazret-i Haticetü'l-Kübrâ, Hazret-i Fâtımatü'z-Zehrâ, Hazret-i Âişe-i Sıddîka, Hazret-i Ümmü Habîbe",Fatma Şâdiye Hanım,,184,Hanımlara mahsus gazete müdiresi.,"Bursalı Mehmed Tâhir, Osmanlı Müellifleri Eserinin 3. cild, Tarihçiler Faslı - İsimleri Muhtelif Fasıllarda Zikr Edilmeyen Hal Tercemesi Kitabları"
haltercemesi_0066,Şeyhü'l-İslâm Zenbilli Ali Efendi'nin Terceme-i Hâli,Hayrullah Nedîm Efendi,,184,,"Bursalı Mehmed Tâhir, Osmanlı Müellifleri Eserinin 3. cild, Tarihçiler Faslı - İsimleri Muhtelif Fasıllarda Zikr Edilmeyen Hal Tercemesi Kitabları"
haltercemesi_0067,Siyer-i Nebî,Hâlid Efendi,,184,Manzum.,"Bursalı Mehmed Tâhir, Osmanlı Müellifleri Eserinin 3. cild, Tarihçiler Faslı - İsimleri Muhtelif Fasıllarda Zikr Edilmeyen Hal Tercemesi Kitabları"
haltercemesi_0068,Terceme-i Hâl-i Pîrî Mehmed Cemalî Paşa,,,184,Yazma. Müellif adı belirtilmemiş.,"Bursalı Mehmed Tâhir, Osmanlı Müellifleri Eserinin 3. cild, Tarihçiler Faslı - İsimleri Muhtelif Fasıllarda Zikr Edilmeyen Hal Tercemesi Kitabları"
haltercemesi_0069,Câmi'u's-Siyer,Mehmed Tahir Efendi,,184,Yazmadır.,"Bursalı Mehmed Tâhir, Osmanlı Müellifleri Eserinin 3. cild, Tarihçiler Faslı - İsimleri Muhtelif Fasıllarda Zikr Edilmeyen Hal Tercemesi Kitabları"
haltercemesi_0070,Tabakat-ı Fukahâ,Küçük Şemsi Efendi,,184,Yazma.,"Bursalı Mehmed Tâhir, Osmanlı Müellifleri Eserinin 3. cild, Tarihçiler Faslı - İsimleri Muhtelif Fasıllarda Zikr Edilmeyen Hal Tercemesi Kitabları"
haltercemesi_0071,Siyerü'n-Nebî,Abdurrahman Efendi,,184,"Manzum, yazma.","Bursalı Mehmed Tâhir, Osmanlı Müellifleri Eserinin 3. cild, Tarihçiler Faslı - İsimleri Muhtelif Fasıllarda Zikr Edilmeyen Hal Tercemesi Kitabları"
haltercemesi_0072,Selîm-nâme,Çerkez kâtiblerinden Yusuf Efendi,,184,"Mansur, yazma.","Bursalı Mehmed Tâhir, Osmanlı Müellifleri Eserinin 3. cild, Tarihçiler Faslı - İsimleri Muhtelif Fasıllarda Zikr Edilmeyen Hal Tercemesi Kitabları"
haltercemesi_0073,Siyerü'n-Nebî,İzmirli Hakkı Efendi,,184,Mansûr.,"Bursalı Mehmed Tâhir, Osmanlı Müellifleri Eserinin 3. cild, Tarihçiler Faslı - İsimleri Muhtelif Fasıllarda Zikr Edilmeyen Hal Tercemesi Kitabları"
haltercemesi_0074,Terceme-i Sevâkıb — Menâkıb-ı Mevlânâ,"Derviş Mahmud, Mesnevîhân-ı Konevî",,184,Yazmadır.,"Bursalı Mehmed Tâhir, Osmanlı Müellifleri Eserinin 3. cild, Tarihçiler Faslı - İsimleri Muhtelif Fasıllarda Zikr Edilmeyen Hal Tercemesi Kitabları"
haltercemesi_0075,Mecma'-ı Şuarâ ve Tezkire-i Üdebâ,Mehmed Siraceddin Bey,,184,,"Bursalı Mehmed Tâhir, Osmanlı Müellifleri Eserinin 3. cild, Tarihçiler Faslı - İsimleri Muhtelif Fasıllarda Zikr Edilmeyen Hal Tercemesi Kitabları"
haltercemesi_0076,Tezkire-i Şuarâ,Naîm-zâde Ramız Efendi,,184,Yazma.,"Bursalı Mehmed Tâhir, Osmanlı Müellifleri Eserinin 3. cild, Tarihçiler Faslı - İsimleri Muhtelif Fasıllarda Zikr Edilmeyen Hal Tercemesi Kitabları"
haltercemesi_0077,"Meşâhir-i Mühendisînden Beni Mûsâ'nın Mehmed, Ahmed, Hasan terâcüm-i ahvâli",Şerafeddin Efendi,,184,,"Bursalı Mehmed Tâhir, Osmanlı Müellifleri Eserinin 3. cild, Tarihçiler Faslı - İsimleri Muhtelif Fasıllarda Zikr Edilmeyen Hal Tercemesi Kitabları"
haltercemesi_0078,Bismark - Hayat-ı Hususî ve Siyasîsi,"Ali Reşad, İsmail Hakkı Beyler",,184,,"Bursalı Mehmed Tâhir, Osmanlı Müellifleri Eserinin 3. cild, Tarihçiler Faslı - İsimleri Muhtelif Fasıllarda Zikr Edilmeyen Hal Tercemesi Kitabları"
haltercemesi_0079,Lemeât-ı Fezâil-i İmam-ı Ali,Manisalı Sadık Efendi,,184,,"Bursalı Mehmed Tâhir, Osmanlı Müellifleri Eserinin 3. cild, Tarihçiler Faslı - İsimleri Muhtelif Fasıllarda Zikr Edilmeyen Hal Tercemesi Kitabları"
haltercemesi_0080,Menâkıb-ı Emîr Sultan,Ni'metullah Efendi,,184,Yazma.,"Bursalı Mehmed Tâhir, Osmanlı Müellifleri Eserinin 3. cild, Tarihçiler Faslı - İsimleri Muhtelif Fasıllarda Zikr Edilmeyen Hal Tercemesi Kitabları"
haltercemesi_0081,Akvâmu's-Siyer,Yusuf Suad Bey,,184,,"Bursalı Mehmed Tâhir, Osmanlı Müellifleri Eserinin 3. cild, Tarihçiler Faslı - İsimleri Muhtelif Fasıllarda Zikr Edilmeyen Hal Tercemesi Kitabları"
haltercemesi_0082,Alemdar Mustafa Paşa,Ali Sevdî Bey,,184,,"Bursalı Mehmed Tâhir, Osmanlı Müellifleri Eserinin 3. cild, Tarihçiler Faslı - İsimleri Muhtelif Fasıllarda Zikr Edilmeyen Hal Tercemesi Kitabları"
haltercemesi_0083,Sokullu Mehmed Paşa,Ali Seydî Bey,,184,,"Bursalı Mehmed Tâhir, Osmanlı Müellifleri Eserinin 3. cild, Tarihçiler Faslı - İsimleri Muhtelif Fasıllarda Zikr Edilmeyen Hal Tercemesi Kitabları"
haltercemesi_0084,Menâkıb-ı Şeyh İsmail Hakkı-i Celvetî,Bursalı Bayram-zâde,,184,Yazma.,"Bursalı Mehmed Tâhir, Osmanlı Müellifleri Eserinin 3. cild, Tarihçiler Faslı - İsimleri Muhtelif Fasıllarda Zikr Edilmeyen Hal Tercemesi Kitabları"
haltercemesi_0085,Menâkıb-ı Evliyâ-i Mısır,Salih Efendi,,184,,"Bursalı Mehmed Tâhir, Osmanlı Müellifleri Eserinin 3. cild, Tarihçiler Faslı - İsimleri Muhtelif Fasıllarda Zikr Edilmeyen Hal Tercemesi Kitabları"
haltercemesi_0086,Siyer-i Farukî,Rusçuklu Hayri Efendi,,184,,"Bursalı Mehmed Tâhir, Osmanlı Müellifleri Eserinin 3. cild, Tarihçiler Faslı - İsimleri Muhtelif Fasıllarda Zikr Edilmeyen Hal Tercemesi Kitabları"
haltercemesi_0087,Cevâibu'l-Menâkıb,Gümüşhacıköy'lü Ali Efendi,,184,,"Bursalı Mehmed Tâhir, Osmanlı Müellifleri Eserinin 3. cild, Tarihçiler Faslı - İsimleri Muhtelif Fasıllarda Zikr Edilmeyen Hal Tercemesi Kitabları"
haltercemesi_0088,Terâcüm-i Ahvâl-i Felâsife,Fatma Aliyye Hanım,,184,,"Bursalı Mehmed Tâhir, Osmanlı Müellifleri Eserinin 3. cild, Tarihçiler Faslı - İsimleri Muhtelif Fasıllarda Zikr Edilmeyen Hal Tercemesi Kitabları"
haltercemesi_0089,Tabakat-ı Hanefiyye,Solakzâde Halil er-Rumî,,184,Yazma.,"Bursalı Mehmed Tâhir, Osmanlı Müellifleri Eserinin 3. cild, Tarihçiler Faslı - İsimleri Muhtelif Fasıllarda Zikr Edilmeyen Hal Tercemesi Kitabları"
haltercemesi_0090,Menâkıb-ı Eşref-zâde,Abdullah ibn-i Veliyyüddin Bursavî,,184,Yazma.,"Bursalı Mehmed Tâhir, Osmanlı Müellifleri Eserinin 3. cild, Tarihçiler Faslı - İsimleri Muhtelif Fasıllarda Zikr Edilmeyen Hal Tercemesi Kitabları"
haltercemesi_0091,Minhâcü'l-Ümerâ fî Ahvâli's-Selâtîn ve'l-Vüzerâ,Hâtemî,,184,Yazma.,"Bursalı Mehmed Tâhir, Osmanlı Müellifleri Eserinin 3. cild, Tarihçiler Faslı - İsimleri Muhtelif Fasıllarda Zikr Edilmeyen Hal Tercemesi Kitabları"
haltercemesi_0092,Terceme-i Hâl-i Kethüdâzâde Ârif Efendi,Musîka-i hümâyûn Farsça muallimi Emin Efendi,,184,,"Bursalı Mehmed Tâhir, Osmanlı Müellifleri Eserinin 3. cild, Tarihçiler Faslı - İsimleri Muhtelif Fasıllarda Zikr Edilmeyen Hal Tercemesi Kitabları"
haltercemesi_0093,Ashâbü'l-Kehf ve'r-Rakîm,Mehmed Emin Efendi,,185,,"Bursalı Mehmed Tâhir, Osmanlı Müellifleri Eserinin 3. cild, Tarihçiler Faslı - İsimleri Muhtelif Fasıllarda Zikr Edilmeyen Hal Tercemesi Kitabları"
haltercemesi_0094,Menâkıb-i Şeyh Mehmed Emin Tokadî,Yahyâ Efendi,,185,Yazma.,"Bursalı Mehmed Tâhir, Osmanlı Müellifleri Eserinin 3. cild, Tarihçiler Faslı - İsimleri Muhtelif Fasıllarda Zikr Edilmeyen Hal Tercemesi Kitabları"
haltercemesi_0095,Menâkıb-ı Emîr Sultan,İbrahim Çelebi,,185,İsmi «Vesîletü'l-Metâlib ve Cevâhirü'l-Menâkıb»tır. Yazmadır.,"Bursalı Mehmed Tâhir, Osmanlı Müellifleri Eserinin 3. cild, Tarihçiler Faslı - İsimleri Muhtelif Fasıllarda Zikr Edilmeyen Hal Tercemesi Kitabları"
haltercemesi_0096,Kemal Reis ve Baba Oruç,Ali Rıza - Seyfî Bey,,185,,"Bursalı Mehmed Tâhir, Osmanlı Müellifleri Eserinin 3. cild, Tarihçiler Faslı - İsimleri Muhtelif Fasıllarda Zikr Edilmeyen Hal Tercemesi Kitabları"
haltercemesi_0097,Tepedelenli Ali Paşa,Müfid Bey,,185,,"Bursalı Mehmed Tâhir, Osmanlı Müellifleri Eserinin 3. cild, Tarihçiler Faslı - İsimleri Muhtelif Fasıllarda Zikr Edilmeyen Hal Tercemesi Kitabları"
haltercemesi_0098,Sadullah Paşa - Mezardan Sesler,Mehmed Galib Bey,,185,,"Bursalı Mehmed Tâhir, Osmanlı Müellifleri Eserinin 3. cild, Tarihçiler Faslı - İsimleri Muhtelif Fasıllarda Zikr Edilmeyen Hal Tercemesi Kitabları"
haltercemesi_0099,Barbaros Hayreddin,Ali Rıza - Seyfî Bey,,185,,"Bursalı Mehmed Tâhir, Osmanlı Müellifleri Eserinin 3. cild, Tarihçiler Faslı - İsimleri Muhtelif Fasıllarda Zikr Edilmeyen Hal Tercemesi Kitabları"
haltercemesi_0100,Kemâlü'l-Hikme,İbnü'l-Emîn Mahmud Kemal Bey,,185,Hersekli Ârif Hikmet Bey'in terceme-i hâli.,"Bursalı Mehmed Tâhir, Osmanlı Müellifleri Eserinin 3. cild, Tarihçiler Faslı - İsimleri Muhtelif Fasıllarda Zikr Edilmeyen Hal Tercemesi Kitabları"
haltercemesi_0101,Kemâlü'l-İsme,İbnü'l-Emin Mahmud Kemal Bey,,185,İsmet Efendi'nin terceme-i hâli.,"Bursalı Mehmed Tâhir, Osmanlı Müellifleri Eserinin 3. cild, Tarihçiler Faslı - İsimleri Muhtelif Fasıllarda Zikr Edilmeyen Hal Tercemesi Kitabları"
haltercemesi_0102,Ahvâl-i Mîhal Gazi,Nüzhet Paşa,,185,,"Bursalı Mehmed Tâhir, Osmanlı Müellifleri Eserinin 3. cild, Tarihçiler Faslı - İsimleri Muhtelif Fasıllarda Zikr Edilmeyen Hal Tercemesi Kitabları"
haltercemesi_0103,Kemâlü'l-Kâmil,Mahmud Kemal Bey,,185,Yusuf Kâmil Paşa'nın terceme-i hâli.,"Bursalı Mehmed Tâhir, Osmanlı Müellifleri Eserinin 3. cild, Tarihçiler Faslı - İsimleri Muhtelif Fasıllarda Zikr Edilmeyen Hal Tercemesi Kitabları"
haltercemesi_0104,Hânedân-ı Seyyidü'l-Beşer Eimme-i İsnâ Aşer,Seyyid Muhtar Efendi,,185,,"Bursalı Mehmed Tâhir, Osmanlı Müellifleri Eserinin 3. cild, Tarihçiler Faslı - İsimleri Muhtelif Fasıllarda Zikr Edilmeyen Hal Tercemesi Kitabları"
haltercemesi_0105,Yenikapı Mevlevi Şeyhi Celâleddin Efendi,Mehmed Tahir Mevlevî,,185,,"Bursalı Mehmed Tâhir, Osmanlı Müellifleri Eserinin 3. cild, Tarihçiler Faslı - İsimleri Muhtelif Fasıllarda Zikr Edilmeyen Hal Tercemesi Kitabları"
haltercemesi_0106,Silistre Kahramanlarından Rıf'at Paşa,Emin Bey,,185,,"Bursalı Mehmed Tâhir, Osmanlı Müellifleri Eserinin 3. cild, Tarihçiler Faslı - İsimleri Muhtelif Fasıllarda Zikr Edilmeyen Hal Tercemesi Kitabları"
haltercemesi_0107,Aşere-i Mübeşşere,Ali Seydi Bey,,185,,"Bursalı Mehmed Tâhir, Osmanlı Müellifleri Eserinin 3. cild, Tarihçiler Faslı - İsimleri Muhtelif Fasıllarda Zikr Edilmeyen Hal Tercemesi Kitabları"
haltercemesi_0108,Baltacı Mehmed Paşa ve Büyük Petro,Ahmed Refik Bey,,185,,"Bursalı Mehmed Tâhir, Osmanlı Müellifleri Eserinin 3. cild, Tarihçiler Faslı - İsimleri Muhtelif Fasıllarda Zikr Edilmeyen Hal Tercemesi Kitabları"
haltercemesi_0109,İki Eli Kan İle Doğan Timurlenk,İsmail Hakkı Bey,,185,,"Bursalı Mehmed Tâhir, Osmanlı Müellifleri Eserinin 3. cild, Tarihçiler Faslı - İsimleri Muhtelif Fasıllarda Zikr Edilmeyen Hal Tercemesi Kitabları"
haltercemesi_0110,Mîralay Yunus Bey,Mehmed Enver Efendi,,185,,"Bursalı Mehmed Tâhir, Osmanlı Müellifleri Eserinin 3. cild, Tarihçiler Faslı - İsimleri Muhtelif Fasıllarda Zikr Edilmeyen Hal Tercemesi Kitabları"
haltercemesi_0111,Tezkire-i Şuarâ-yı Âmid,Ali Emirî Efendi,,185,,"Bursalı Mehmed Tâhir, Osmanlı Müellifleri Eserinin 3. cild, Tarihçiler Faslı - İsimleri Muhtelif Fasıllarda Zikr Edilmeyen Hal Tercemesi Kitabları"
haltercemesi_0112,Meşâhir-i Askeriyemizden Bir Sahife,İsmail Fazıl Paşa,,185,,"Bursalı Mehmed Tâhir, Osmanlı Müellifleri Eserinin 3. cild, Tarihçiler Faslı - İsimleri Muhtelif Fasıllarda Zikr Edilmeyen Hal Tercemesi Kitabları"
haltercemesi_0113,Ziyâlü'l-Çinân ve Şifâu'l-Cinân — Siyer-i Nebî,İbrahim İbn-i Ahmed Tokadî,,185,Yazmadır. Sene: 1255 (1839).,"Bursalı Mehmed Tâhir, Osmanlı Müellifleri Eserinin 3. cild, Tarihçiler Faslı - İsimleri Muhtelif Fasıllarda Zikr Edilmeyen Hal Tercemesi Kitabları"
haltercemesi_0114,Şehâdet-i Hüseyin İbn-i Ali,İbrahim Vasıf Bey,,185,,"Bursalı Mehmed Tâhir, Osmanlı Müellifleri Eserinin 3. cild, Tarihçiler Faslı - İsimleri Muhtelif Fasıllarda Zikr Edilmeyen Hal Tercemesi Kitabları"
haltercemesi_0115,Hüccetü'l-İslâm İmam-ı Gazâlî,Mehmed Ali Aynî Bey,,185,,"Bursalı Mehmed Tâhir, Osmanlı Müellifleri Eserinin 3. cild, Tarihçiler Faslı - İsimleri Muhtelif Fasıllarda Zikr Edilmeyen Hal Tercemesi Kitabları"
haltercemesi_0116,Menâkıb-ı Mürtazavî - Vasiyy-i Nebî,Şemseddin Bey,,185,,"Bursalı Mehmed Tâhir, Osmanlı Müellifleri Eserinin 3. cild, Tarihçiler Faslı - İsimleri Muhtelif Fasıllarda Zikr Edilmeyen Hal Tercemesi Kitabları"
haltercemesi_0117,El-Feyzü'l-Cârî fî Ta'rifi'l-Beyzavî ve'l-Buhârî,Edirne Müftîsi Mehmed Fevzi Efendi,,185,,"Bursalı Mehmed Tâhir, Osmanlı Müellifleri Eserinin 3. cild, Tarihçiler Faslı - İsimleri Muhtelif Fasıllarda Zikr Edilmeyen Hal Tercemesi Kitabları"
haltercemesi_0118,Hibbetullah Sultan ve Zevci,Samih Fethi Bey,,185,,"Bursalı Mehmed Tâhir, Osmanlı Müellifleri Eserinin 3. cild, Tarihçiler Faslı - İsimleri Muhtelif Fasıllarda Zikr Edilmeyen Hal Tercemesi Kitabları"
haltercemesi_0119,Türkiye Rical-i Devletî,,,185,Müellif adı belirtilmemiş.,"Bursalı Mehmed Tâhir, Osmanlı Müellifleri Eserinin 3. cild, Tarihçiler Faslı - İsimleri Muhtelif Fasıllarda Zikr Edilmeyen Hal Tercemesi Kitabları"
haltercemesi_0120,Terceme-i Tabakat-ı Şa'rânî,Sivasî Ali Efendi,,185,Sene: 1066 (1656).,"Bursalı Mehmed Tâhir, Osmanlı Müellifleri Eserinin 3. cild, Tarihçiler Faslı - İsimleri Muhtelif Fasıllarda Zikr Edilmeyen Hal Tercemesi Kitabları"
haltercemesi_0121,Aktab-ı Erbaa,Hafız Nûri Efendi,,185,,"Bursalı Mehmed Tâhir, Osmanlı Müellifleri Eserinin 3. cild, Tarihçiler Faslı - İsimleri Muhtelif Fasıllarda Zikr Edilmeyen Hal Tercemesi Kitabları"
haltercemesi_0122,Tarih ve Müverrihler,Subhi Edhem Bey,,185,,"Bursalı Mehmed Tâhir, Osmanlı Müellifleri Eserinin 3. cild, Tarihçiler Faslı - İsimleri Muhtelif Fasıllarda Zikr Edilmeyen Hal Tercemesi Kitabları"
haltercemesi_0123,Menâkıb-ı Şemsü'ş-Şümûs Der Hakk-ı Hazret-i Mevlânâ el-Hâlid el-Arûs,Hasan Şükrü Efendi,,185,Tercemedir.,"Bursalı Mehmed Tâhir, Osmanlı Müellifleri Eserinin 3. cild, Tarihçiler Faslı - İsimleri Muhtelif Fasıllarda Zikr Edilmeyen Hal Tercemesi Kitabları"
haltercemesi_0124,Esvat-ı Sudûr,Memduh Paşa,,186,,"Bursalı Mehmed Tâhir, Osmanlı Müellifleri Eserinin 3. cild, Tarihçiler Faslı - İsimleri Muhtelif Fasıllarda Zikr Edilmeyen Hal Tercemesi Kitabları"
haltercemesi_0125,Mir'ât-ı Şuarâ,Enderunlu Mehmed Âkif Efendi,,186,Yazmadır.,"Bursalı Mehmed Tâhir, Osmanlı Müellifleri Eserinin 3. cild, Tarihçiler Faslı - İsimleri Muhtelif Fasıllarda Zikr Edilmeyen Hal Tercemesi Kitabları"
haltercemesi_0126,Tezkire-i Evliyâ,Edhem Efendi,,186,Yazma.,"Bursalı Mehmed Tâhir, Osmanlı Müellifleri Eserinin 3. cild, Tarihçiler Faslı - İsimleri Muhtelif Fasıllarda Zikr Edilmeyen Hal Tercemesi Kitabları"
haltercemesi_0127,Siyer ve Ensâb-ı Nebî ve Menâkıb-ı Ashâb,Mehmed Said İbn-i Pir Osman,,186,Yazma. Sene: 1234 (1819).,"Bursalı Mehmed Tâhir, Osmanlı Müellifleri Eserinin 3. cild, Tarihçiler Faslı - İsimleri Muhtelif Fasıllarda Zikr Edilmeyen Hal Tercemesi Kitabları"
haltercemesi_0128,Levâmi'u'n-Nûr - Siyer-i Nebî,Mehmed Tevfik Bey,,186,,"Bursalı Mehmed Tâhir, Osmanlı Müellifleri Eserinin 3. cild, Tarihçiler Faslı - İsimleri Muhtelif Fasıllarda Zikr Edilmeyen Hal Tercemesi Kitabları"
haltercemesi_0129,Plevne Kahramanı Gazi Osman Paşa,Hikmet Bey,,186,,"Bursalı Mehmed Tâhir, Osmanlı Müellifleri Eserinin 3. cild, Tarihçiler Faslı - İsimleri Muhtelif Fasıllarda Zikr Edilmeyen Hal Tercemesi Kitabları"
haltercemesi_0130,İzâletü'r-Reyn fî Menâkıb-ı Seyyidine'l-Hasen ve Seyyidene'l-Hüseyn,Ahmed Atâ Efendi,,186,,"Bursalı Mehmed Tâhir, Osmanlı Müellifleri Eserinin 3. cild, Tarihçiler Faslı - İsimleri Muhtelif Fasıllarda Zikr Edilmeyen Hal Tercemesi Kitabları"
haltercemesi_0131,Tarihî Sîmalar,Ahmed Refik Bey,,186,,"Bursalı Mehmed Tâhir, Osmanlı Müellifleri Eserinin 3. cild, Tarihçiler Faslı - İsimleri Muhtelif Fasıllarda Zikr Edilmeyen Hal Tercemesi Kitabları"
haltercemesi_0132,Abaza Mehmed Paşa,Celâl Bey,,186,,"Bursalı Mehmed Tâhir, Osmanlı Müellifleri Eserinin 3. cild, Tarihçiler Faslı - İsimleri Muhtelif Fasıllarda Zikr Edilmeyen Hal Tercemesi Kitabları"
haltercemesi_0133,Ricâl-i İhtilâl,Ali Kemal Bey,,186,,"Bursalı Mehmed Tâhir, Osmanlı Müellifleri Eserinin 3. cild, Tarihçiler Faslı - İsimleri Muhtelif Fasıllarda Zikr Edilmeyen Hal Tercemesi Kitabları"
haltercemesi_0134,Terceme-i Sipehsalâr - Menâkıb-ı Mevlânâ,Ahmed Avnî Bey,,186,,"Bursalı Mehmed Tâhir, Osmanlı Müellifleri Eserinin 3. cild, Tarihçiler Faslı - İsimleri Muhtelif Fasıllarda Zikr Edilmeyen Hal Tercemesi Kitabları"
haltercemesi_0135,Kıssa-i Hazret-i İbrahim Aleyhisselâm,Süleyman Tevfik Bey,,186,,"Bursalı Mehmed Tâhir, Osmanlı Müellifleri Eserinin 3. cild, Tarihçiler Faslı - İsimleri Muhtelif Fasıllarda Zikr Edilmeyen Hal Tercemesi Kitabları"
haltercemesi_0136,Tesâvîr-i Rical,Ahmed Refik Bey,,186,,"Bursalı Mehmed Tâhir, Osmanlı Müellifleri Eserinin 3. cild, Tarihçiler Faslı - İsimleri Muhtelif Fasıllarda Zikr Edilmeyen Hal Tercemesi Kitabları"
haltercemesi_0137,Yusuf ve Zeliha,Süleyman Tevfik Bey,,186,,"Bursalı Mehmed Tâhir, Osmanlı Müellifleri Eserinin 3. cild, Tarihçiler Faslı - İsimleri Muhtelif Fasıllarda Zikr Edilmeyen Hal Tercemesi Kitabları"
haltercemesi_0138,Dâvud Aleyhisselâm,Mehmed Sedâd Bey,,186,,"Bursalı Mehmed Tâhir, Osmanlı Müellifleri Eserinin 3. cild, Tarihçiler Faslı - İsimleri Muhtelif Fasıllarda Zikr Edilmeyen Hal Tercemesi Kitabları"
haltercemesi_0139,Cevdet Paşa ve Zamanı,Fatma Aliye Hanım,,186,,"Bursalı Mehmed Tâhir, Osmanlı Müellifleri Eserinin 3. cild, Tarihçiler Faslı - İsimleri Muhtelif Fasıllarda Zikr Edilmeyen Hal Tercemesi Kitabları"
haltercemesi_0140,Hâtemü'l-Enbiyâ,Celâl Nûri Bey,,186,,"Bursalı Mehmed Tâhir, Osmanlı Müellifleri Eserinin 3. cild, Tarihçiler Faslı - İsimleri Muhtelif Fasıllarda Zikr Edilmeyen Hal Tercemesi Kitabları"
haltercemesi_0141,Gülzâr-ı Haseneyn,Fazlullah Rahimî Efendi,,186,,"Bursalı Mehmed Tâhir, Osmanlı Müellifleri Eserinin 3. cild, Tarihçiler Faslı - İsimleri Muhtelif Fasıllarda Zikr Edilmeyen Hal Tercemesi Kitabları"
haltercemesi_0142,Eimme-i Hüdâ,Fazlullah Rahimî,,186,,"Bursalı Mehmed Tâhir, Osmanlı Müellifleri Eserinin 3. cild, Tarihçiler Faslı - İsimleri Muhtelif Fasıllarda Zikr Edilmeyen Hal Tercemesi Kitabları"
haltercemesi_0143,Siyer-i Celîle-i Nebeviyye,İzmirli İsmail Hakkı Bey,,186,,"Bursalı Mehmed Tâhir, Osmanlı Müellifleri Eserinin 3. cild, Tarihçiler Faslı - İsimleri Muhtelif Fasıllarda Zikr Edilmeyen Hal Tercemesi Kitabları"
haltercemesi_0144,Muallim-i Sânî Fârâbî,Mehmed Ali Aynî Bey,,186,,"Bursalı Mehmed Tâhir, Osmanlı Müellifleri Eserinin 3. cild, Tarihçiler Faslı - İsimleri Muhtelif Fasıllarda Zikr Edilmeyen Hal Tercemesi Kitabları"
haltercemesi_0145,Solon'un Terceme-i Hâli,Hüseyin Zekî Bey,,186,,"Bursalı Mehmed Tâhir, Osmanlı Müellifleri Eserinin 3. cild, Tarihçiler Faslı - İsimleri Muhtelif Fasıllarda Zikr Edilmeyen Hal Tercemesi Kitabları"
haltercemesi_0146,Menâkıb-ı Akşemseddin,Abdullah Sami Efendi,,186,,"Bursalı Mehmed Tâhir, Osmanlı Müellifleri Eserinin 3. cild, Tarihçiler Faslı - İsimleri Muhtelif Fasıllarda Zikr Edilmeyen Hal Tercemesi Kitabları"
haltercemesi_0147,Menâkıb-ı Şeyh Ali Semerkandî,Mehmed Şâkir Efendi,,186,,"Bursalı Mehmed Tâhir, Osmanlı Müellifleri Eserinin 3. cild, Tarihçiler Faslı - İsimleri Muhtelif Fasıllarda Zikr Edilmeyen Hal Tercemesi Kitabları"
haltercemesi_0148,Gazavât-ı Cezayirli Hasan Paşa,Mehmed Tâlib Hulkî Efendi,,186,Yazmadır.,"Bursalı Mehmed Tâhir, Osmanlı Müellifleri Eserinin 3. cild, Tarihçiler Faslı - İsimleri Muhtelif Fasıllarda Zikr Edilmeyen Hal Tercemesi Kitabları"
haltercemesi_0149,Hayât-ı Hazret-i Ebûbekir Sıddîk,Sâib Bey,,186,,"Bursalı Mehmed Tâhir, Osmanlı Müellifleri Eserinin 3. cild, Tarihçiler Faslı - İsimleri Muhtelif Fasıllarda Zikr Edilmeyen Hal Tercemesi Kitabları"
haltercemesi_0150,Hayat-ı Hazret-i Ömer el-Fâruk,Sâib Bey,,186,,"Bursalı Mehmed Tâhir, Osmanlı Müellifleri Eserinin 3. cild, Tarihçiler Faslı - İsimleri Muhtelif Fasıllarda Zikr Edilmeyen Hal Tercemesi Kitabları"
haltercemesi_0151,Tarihte Osmanlı Neferi,Ahmed Refik Bey,,186,,"Bursalı Mehmed Tâhir, Osmanlı Müellifleri Eserinin 3. cild, Tarihçiler Faslı - İsimleri Muhtelif Fasıllarda Zikr Edilmeyen Hal Tercemesi Kitabları"
